first_name,last_name,age,email,country,postal_code,favorite_color,frequency_of_visits,favorite_menu_item,employment_status,Gender,Is Male,Above 30,Below 30
Basilius,Atcheson,37,batcheson0@mozilla.org,Vietnam,,red,4.4,Big Mac,Full-time,Male,1,1,0
Elston,Egar,51,eegar1@tuttocitta.it,China,,blue,0.6,McNuggets,Part-time,Male,1,1,0
Stormi,Goldsby,51,sgoldsby2@ibm.com,Indonesia,,red,5.5,Quarter Pounder,Retired,Female,0,1,0
Allie,Eskrick,35,aeskrick3@prlog.org,Portugal,7005-724,blue,5.2,Quarter Pounder,Retired,Male,1,1,0
Cornela,Skeffington,81,cskeffington4@archive.org,China,,red,0.9,McNuggets,Student,Female,0,1,0
Cyndy,Hanham,37,chanham5@yahoo.com,China,,red,2.5,Quarter Pounder,Part-time,Female,0,1,0
Napoleon,Coldrick,37,ncoldrick6@timesonline.co.uk,Japan,899-5241,blue,0.3,Quarter Pounder,Part-time,Male,1,1,0
Delcina,Jandera,61,djandera7@archive.org,Sweden,111 61,red,4.6,Big Mac,Full-time,Female,0,1,0
Avram,Yerrell,34,ayerrell8@pen.io,Indonesia,,blue,3.6,Quarter Pounder,Part-time,Male,1,1,0
Tucky,Hawtry,40,thawtry9@sakura.ne.jp,Russia,356003,green,3.2,Big Mac,Full-time,Male,1,1,0
Creighton,Dunkerley,55,cdunkerleya@pinterest.com,Macedonia,2423,red,2.1,McNuggets,Full-time,Male,1,1,0
Godfree,Rotter,52,grotterb@skype.com,Ireland,Y25,blue,0.5,Big Mac,Part-time,Male,1,1,0
Jana,Gracewood,66,jgracewoodc@cam.ac.uk,Colombia,731048,green,1.4,McNuggets,Part-time,Female,0,1,0
Alana,Klimkiewich,22,aklimkiewichd@deviantart.com,Guatemala,12027,red,6.9,Quarter Pounder,Student,Female,0,0,1
Aimil,Drydale,40,adrydalee@paypal.com,Uruguay,,red,6.9,Big Mac,Student,Female,0,1,0
Padraic,Bosence,23,pbosencef@cam.ac.uk,South Africa,0815,red,5.4,Quarter Pounder,Retired,Male,1,0,1
Margarete,Mitten,20,mmitteng@alibaba.com,Brazil,35660-000,green,0.5,McNuggets,Student,Female,0,0,1
Dominic,Dilnot,18,ddilnoth@reuters.com,Netherlands,5029,green,5.2,McNuggets,Retired,Male,1,0,1
Roger,Kitchinghan,37,rkitchinghani@arstechnica.com,China,,red,3.5,Big Mac,Part-time,Male,1,1,0
Shel,Welbelove,62,swelbelovej@blogs.com,Zimbabwe,,green,2.3,Quarter Pounder,Retired,Female,0,1,0
Travers,Fisbey,78,tfisbeyk@paginegialle.it,Russia,301042,green,1.4,Big Mac,Part-time,Male,1,1,0
Hewie,Bircher,72,hbircherl@wikispaces.com,Sweden,572 60,red,2.9,Big Mac,Part-time,Male,1,1,0
Glyn,Burstow,28,gburstowm@constantcontact.com,Democratic Republic of the Congo,,green,1.1,Big Mac,Full-time,Male,1,0,1
Granthem,Moult,32,gmoultn@a8.net,Macedonia,7316,red,3.3,McNuggets,Student,Male,1,1,0
Meara,Grand,71,mgrando@ameblo.jp,Saudi Arabia,,green,0.0,Big Mac,Full-time,Female,0,1,0
Renato,Hartless,83,rhartlessp@alexa.com,Czech Republic,264 01,blue,2.1,Big Mac,Full-time,Male,1,1,0
Skipper,Moorman,21,smoormanq@odnoklassniki.ru,China,,blue,4.4,Big Mac,Part-time,Male,1,0,1
Rustin,Udell,27,rudellr@skype.com,China,,red,1.1,Big Mac,Full-time,Male,1,0,1
Ninette,Gisburn,21,ngisburns@dropbox.com,China,,blue,6.8,McNuggets,Student,Female,0,0,1
Nickolas,Crosse,85,ncrosset@accuweather.com,Indonesia,,red,3.8,Quarter Pounder,Student,Male,1,1,0
Margret,Woolacott,64,mwoolacottu@huffingtonpost.com,China,,green,5.1,Big Mac,Retired,Female,0,1,0
Filberto,Pylkynyton,20,fpylkynytonv@squidoo.com,Croatia,48356,green,5.2,Big Mac,Student,Male,1,0,1
Simon,Leynagh,77,sleynaghw@walmart.com,Peru,,red,6.9,Big Mac,Student,Male,1,1,0
Wendi,Lafflin,55,wlafflinx@printfriendly.com,Afghanistan,,red,5.0,Quarter Pounder,Student,Female,0,1,0
Quentin,Eytel,41,qeytely@tinypic.com,Indonesia,,green,2.2,Quarter Pounder,Retired,Female,0,1,0
Petronille,O'Carroll,54,pocarrollz@behance.net,Thailand,84280,green,1.6,Quarter Pounder,Full-time,Female,0,1,0
Deina,Darke,20,ddarke10@house.gov,Philippines,8014,green,1.9,McNuggets,Student,Female,0,0,1
Marlowe,Furmston,39,mfurmston11@opera.com,Paraguay,,blue,4.4,McNuggets,Full-time,Male,1,1,0
Esdras,Glusby,45,eglusby12@opera.com,Morocco,,green,1.9,Quarter Pounder,Part-time,Male,1,1,0
Boone,Sorrell,31,bsorrell13@goo.ne.jp,Sudan,,green,5.0,Quarter Pounder,Student,Male,1,1,0
Carrol,Goldster,76,cgoldster14@symantec.com,China,,green,7.0,Big Mac,Student,Male,1,1,0
Starr,Battison,29,sbattison15@elegantthemes.com,Vietnam,,red,3.5,Big Mac,Full-time,Female,0,0,1
Dulcine,Glentworth,18,dglentworth16@shutterfly.com,China,,red,0.7,Big Mac,Retired,Female,0,0,1
Walden,Mortlock,40,wmortlock17@reverbnation.com,Russia,445564,blue,2.1,Big Mac,Student,Male,1,1,0
Ardella,Gioani,40,agioani18@senate.gov,Pitcairn,,green,3.4,McNuggets,Part-time,Female,0,1,0
Danica,Gullam,71,dgullam19@odnoklassniki.ru,Russia,456684,red,6.8,Big Mac,Student,Female,0,1,0
Randa,Sheldrick,45,rsheldrick1a@fda.gov,China,,red,1.2,Big Mac,Retired,Female,0,1,0
Catharine,Clemenzo,52,cclemenzo1b@economist.com,United States,30343,red,5.1,Quarter Pounder,Full-time,Female,0,1,0
Marion,Stobo,58,mstobo1c@woothemes.com,Ukraine,,red,0.8,Quarter Pounder,Full-time,Male,1,1,0
Deonne,Peckett,37,dpeckett1d@mtv.com,Russia,140083,green,6.6,McNuggets,Retired,Female,0,1,0
Faustine,Renneke,22,frenneke1e@youtube.com,Portugal,3105-222,green,1.7,Big Mac,Part-time,Female,0,0,1
Nichole,Leathwood,64,nleathwood1f@w3.org,Peru,,blue,3.8,Quarter Pounder,Student,Female,0,1,0
Darryl,Flegg,84,dflegg1g@msn.com,Philippines,6046,red,3.6,Big Mac,Student,Female,0,1,0
Kerry,Sermin,37,ksermin1h@livejournal.com,Philippines,1111,blue,4.4,McNuggets,Part-time,Male,1,1,0
Ola,Dericot,34,odericot1i@newsvine.com,Ukraine,,green,6.8,McNuggets,Part-time,Female,0,1,0
Berny,Burtwhistle,25,bburtwhistle1j@independent.co.uk,Venezuela,,green,4.8,Quarter Pounder,Retired,Male,1,0,1
Orion,Luipold,27,oluipold1k@barnesandnoble.com,Indonesia,,red,1.3,Big Mac,Part-time,Male,1,0,1
Zena,Simek,27,zsimek1l@google.co.uk,Indonesia,,red,1.2,McNuggets,Full-time,Female,0,0,1
Paige,Codrington,82,pcodrington1m@theatlantic.com,Philippines,4325,red,1.9,Big Mac,Full-time,Female,0,1,0
Natka,Aldersea,56,naldersea1n@google.com.hk,China,,blue,5.2,McNuggets,Student,Female,0,1,0
Jedd,Tatton,31,jtatton1o@php.net,Sweden,862 95,blue,3.8,McNuggets,Part-time,Male,1,1,0
Florinda,Jenkins,57,fjenkins1p@de.vu,China,,green,5.7,Quarter Pounder,Student,Female,0,1,0
Menard,Mynett,20,mmynett1q@people.com.cn,Japan,939-1733,red,5.2,Quarter Pounder,Retired,Male,1,0,1
Ardelis,Heaseman,35,aheaseman1r@soup.io,Georgia,,blue,5.0,Quarter Pounder,Retired,Female,0,1,0
Carrol,Luetkemeyer,33,cluetkemeyer1s@columbia.edu,Russia,659555,green,0.8,McNuggets,Part-time,Male,1,1,0
Dasie,Stebbings,24,dstebbings1t@blog.com,Russia,171649,blue,4.1,Quarter Pounder,Student,Female,0,0,1
Dinny,Prangnell,78,dprangnell1u@paypal.com,China,,blue,3.8,Big Mac,Student,Female,0,1,0
Cullin,Guillart,34,cguillart1v@independent.co.uk,France,35102 CEDEX 3,blue,3.5,Big Mac,Student,Male,1,1,0
Corrianne,Pitfield,59,cpitfield1w@scribd.com,Pakistan,53401,green,5.1,Big Mac,Retired,Female,0,1,0
Nikolia,Keatley,25,nkeatley1x@si.edu,Portugal,2070-510,red,6.3,McNuggets,Student,Female,0,0,1
Amery,Heasly,24,aheasly1y@fc2.com,Indonesia,,blue,2.7,Big Mac,Part-time,Male,1,0,1
Orelia,Gatch,71,ogatch1z@slate.com,Indonesia,,green,3.9,McNuggets,Part-time,Female,0,1,0
Nonah,Nials,70,nnials20@devhub.com,Brazil,28300-000,red,5.4,Quarter Pounder,Retired,Female,0,1,0
Randee,Esson,34,resson21@fastcompany.com,Kazakhstan,,green,5.9,Big Mac,Part-time,Female,0,1,0
Aaren,Bewshaw,52,abewshaw22@google.it,Portugal,2560-057,blue,2.0,Big Mac,Part-time,Female,0,1,0
Marysa,Drynan,24,mdrynan23@washington.edu,Estonia,,red,3.7,Quarter Pounder,Student,Female,0,0,1
Sue,Isaksen,80,sisaksen24@mayoclinic.com,Uganda,,green,0.8,McNuggets,Part-time,Female,0,1,0
Margarete,Auston,60,mauston25@blogger.com,China,,red,2.7,Quarter Pounder,Retired,Female,0,1,0
Bobbette,Galletly,78,bgalletly26@so-net.ne.jp,Russia,152130,green,6.9,McNuggets,Retired,Female,0,1,0
Doralia,Enochsson,32,denochsson27@ftc.gov,Philippines,6407,blue,1.8,Quarter Pounder,Full-time,Female,0,1,0
Christye,Guitonneau,39,cguitonneau28@google.com.hk,China,,green,2.8,Big Mac,Retired,Female,0,1,0
Melicent,Maureen,35,mmaureen29@guardian.co.uk,Philippines,2812,red,0.2,Quarter Pounder,Full-time,Female,0,1,0
Teri,Newlove,60,tnewlove2a@discuz.net,China,,blue,2.4,Quarter Pounder,Part-time,Female,0,1,0
Melania,Lammerich,63,mlammerich2b@last.fm,Poland,34-103,blue,0.7,Big Mac,Part-time,Female,0,1,0
Rahel,Mountney,27,rmountney2c@desdev.cn,Sweden,144 40,green,0.4,McNuggets,Part-time,Female,0,0,1
Killy,Horlick,22,khorlick2d@wikimedia.org,Portugal,3070-024,blue,0.8,Big Mac,Student,Male,1,0,1
Lawry,Musslewhite,60,lmusslewhite2e@opensource.org,Nigeria,,green,5.6,McNuggets,Full-time,Male,1,1,0
Bayard,Hydes,84,bhydes2f@timesonline.co.uk,Brazil,49945-000,blue,6.6,Quarter Pounder,Full-time,Male,1,1,0
Holli,Valder,49,hvalder2g@last.fm,Philippines,6506,blue,3.1,McNuggets,Retired,Female,0,1,0
Baudoin,Buterton,20,bbuterton2h@example.com,China,,blue,1.4,Quarter Pounder,Student,Male,1,0,1
Ruby,Priditt,33,rpriditt2i@arstechnica.com,Brazil,57910-000,red,0.3,Quarter Pounder,Part-time,Female,0,1,0
Nobe,Richin,48,nrichin2j@marriott.com,Philippines,4327,red,6.4,McNuggets,Part-time,Male,1,1,0
Julian,Geertz,75,jgeertz2k@timesonline.co.uk,Russia,446870,red,0.0,McNuggets,Full-time,Male,1,1,0
Martina,Quenby,69,mquenby2l@uiuc.edu,Thailand,86220,green,2.3,Quarter Pounder,Part-time,Female,0,1,0
Talbot,Domotor,26,tdomotor2m@imgur.com,Israel,,green,3.8,Big Mac,Part-time,Male,1,0,1
Harvey,Glazyer,40,hglazyer2n@example.com,Indonesia,,green,3.9,Quarter Pounder,Full-time,Male,1,1,0
Caterina,Kingham,52,ckingham2o@canalblog.com,Indonesia,,blue,1.6,McNuggets,Retired,Female,0,1,0
Yardley,Grandham,84,ygrandham2p@istockphoto.com,Montenegro,,green,1.5,Quarter Pounder,Retired,Male,1,1,0
Olag,Arnaldi,45,oarnaldi2q@joomla.org,Philippines,1801,blue,6.2,Quarter Pounder,Full-time,Male,1,1,0
Stephanus,Croce,56,scroce2r@wp.com,Peru,,red,0.6,Quarter Pounder,Full-time,Male,1,1,0
Sharla,Yerrill,37,syerrill2s@fda.gov,Philippines,9406,blue,4.1,McNuggets,Retired,Female,0,1,0
Joyous,Critchlow,74,jcritchlow2t@usatoday.com,Serbia,,blue,0.0,McNuggets,Part-time,Female,0,1,0
Brandyn,Kelsell,31,bkelsell2u@artisteer.com,China,,green,5.8,Quarter Pounder,Retired,Male,1,1,0
Olivia,Meadway,62,omeadway2v@friendfeed.com,Czech Republic,273 02,green,6.7,McNuggets,Full-time,Female,0,1,0
Nicolai,Pettinger,29,npettinger2w@tinyurl.com,France,59961 CEDEX,blue,5.9,Big Mac,Retired,Male,1,0,1
Denver,Dunkersley,60,ddunkersley2x@diigo.com,Portugal,3720-546,blue,1.1,Quarter Pounder,Part-time,Male,1,1,0
Hewett,Peirce,60,hpeirce2y@ask.com,China,,green,6.3,Quarter Pounder,Student,Male,1,1,0
Henri,Cranson,64,hcranson2z@theguardian.com,Indonesia,,blue,1.4,Big Mac,Part-time,Male,1,1,0
Olenolin,Caris,29,ocaris30@stumbleupon.com,China,,red,2.4,McNuggets,Student,Male,1,0,1
Ardyth,Eefting,56,aeefting31@xing.com,Brazil,75600-000,red,5.6,Big Mac,Retired,Female,0,1,0
Tedi,Doore,53,tdoore32@eepurl.com,Azerbaijan,,blue,5.1,Big Mac,Retired,Female,0,1,0
Alysia,De Cristoforo,22,adecristoforo33@desdev.cn,China,,red,4.9,Big Mac,Full-time,Female,0,0,1
Cherri,Van Bruggen,45,cvanbruggen34@ocn.ne.jp,Portugal,4640-340,blue,1.7,Quarter Pounder,Full-time,Female,0,1,0
Umeko,Mullins,80,umullins35@w3.org,China,,green,6.4,Big Mac,Student,Female,0,1,0
Jaimie,Kless,83,jkless36@arizona.edu,Russia,422549,red,6.5,Quarter Pounder,Part-time,Male,1,1,0
Rhett,Neathway,72,rneathway37@multiply.com,Portugal,2615-284,green,5.9,McNuggets,Full-time,Male,1,1,0
Evita,Iveson,72,eiveson38@blogtalkradio.com,Indonesia,,blue,0.3,Quarter Pounder,Part-time,Female,0,1,0
Carolee,Truman,47,ctruman39@list-manage.com,Japan,501-4455,blue,3.2,Quarter Pounder,Full-time,Female,0,1,0
Alvan,Twoohy,74,atwoohy3a@merriam-webster.com,Montenegro,,red,4.3,Quarter Pounder,Part-time,Male,1,1,0
Celinka,Bearman,84,cbearman3b@exblog.jp,China,,green,5.7,McNuggets,Part-time,Female,0,1,0
Amata,Waye,26,awaye3c@rediff.com,Uzbekistan,,blue,3.8,Quarter Pounder,Part-time,Female,0,0,1
Mace,Hindrick,52,mhindrick3d@tripod.com,Comoros,,green,1.0,Big Mac,Retired,Male,1,1,0
Giustino,Klagges,25,gklagges3e@uiuc.edu,Spain,24010,blue,3.4,McNuggets,Part-time,Male,1,0,1
Myrtice,Nesterov,46,mnesterov3f@buzzfeed.com,China,,red,3.7,McNuggets,Part-time,Female,0,1,0
Ugo,Thurske,25,uthurske3g@whitehouse.gov,China,,blue,0.3,McNuggets,Part-time,Male,1,0,1
Candice,Osbourne,58,cosbourne3h@amazon.co.jp,Brazil,75000-000,red,5.4,Big Mac,Part-time,Female,0,1,0
Ferdinande,Ruppertz,64,fruppertz3i@globo.com,China,,green,6.0,Big Mac,Student,Female,0,1,0
Claudianus,Chanders,47,cchanders3j@imageshack.us,Pakistan,29051,blue,5.5,Big Mac,Full-time,Male,1,1,0
Peria,Tollit,20,ptollit3k@imdb.com,Central African Republic,,blue,6.2,Quarter Pounder,Retired,Female,0,0,1
Marcelle,Layman,72,mlayman3l@examiner.com,Honduras,,red,1.4,Big Mac,Full-time,Female,0,1,0
Decca,Trowl,59,dtrowl3m@comsenz.com,Russia,618100,blue,4.4,Big Mac,Part-time,Male,1,1,0
Antoni,Klas,18,aklas3n@vinaora.com,Nigeria,,red,1.4,Big Mac,Part-time,Male,1,0,1
Rene,Baddoe,80,rbaddoe3o@e-recht24.de,Philippines,1706,blue,2.7,McNuggets,Full-time,Male,1,1,0
Bennie,Jutson,43,bjutson3p@arstechnica.com,Poland,77-116,green,2.4,Big Mac,Part-time,Male,1,1,0
Howey,Lammertz,32,hlammertz3q@washingtonpost.com,Guatemala,07019,green,5.4,Big Mac,Retired,Male,1,1,0
Harman,Shobrook,23,hshobrook3r@unblog.fr,Russia,196851,blue,5.2,McNuggets,Retired,Male,1,0,1
Renaud,Burnard,21,rburnard3s@deliciousdays.com,China,,green,0.8,Big Mac,Retired,Male,1,0,1
Cyrille,Imore,67,cimore3t@friendfeed.com,Sweden,462 87,red,3.9,Big Mac,Retired,Male,1,1,0
Fran,Peterffy,38,fpeterffy3u@answers.com,Russia,353147,red,6.3,McNuggets,Part-time,Female,0,1,0
Audi,Mayell,19,amayell3v@github.com,Poland,34-651,green,3.6,McNuggets,Retired,Female,0,0,1
Alphard,Braybrooks,65,abraybrooks3w@yelp.com,Vietnam,,red,5.9,Big Mac,Part-time,Male,1,1,0
Ermina,McConnell,37,emcconnell3x@geocities.jp,Peru,,blue,4.6,McNuggets,Part-time,Female,0,1,0
Armand,Magne,34,amagne3y@cbsnews.com,Philippines,1950,green,6.0,Quarter Pounder,Retired,Male,1,1,0
Hyacinthie,Wavish,80,hwavish3z@opensource.org,Papua New Guinea,,red,6.2,Quarter Pounder,Full-time,Female,0,1,0
Shandeigh,Faucherand,39,sfaucherand40@upenn.edu,Chad,,green,0.5,Quarter Pounder,Retired,Female,0,1,0
Erin,O'Dyvoy,61,eodyvoy41@independent.co.uk,New Zealand,4820,green,2.6,Big Mac,Retired,Male,1,1,0
Rolando,Tedstone,39,rtedstone42@amazon.co.uk,Indonesia,,blue,6.9,McNuggets,Part-time,Male,1,1,0
Issi,Aynold,24,iaynold43@spiegel.de,Indonesia,,blue,6.5,McNuggets,Student,Female,0,0,1
Emanuel,Pietroni,30,epietroni44@princeton.edu,China,,green,1.7,Quarter Pounder,Retired,Male,1,1,1
Cly,Birtwisle,81,cbirtwisle45@elpais.com,Ireland,Y25,blue,0.5,Big Mac,Student,Male,1,1,0
Wainwright,Luton,38,wluton46@alibaba.com,Cuba,,red,6.7,Quarter Pounder,Part-time,Male,1,1,0
Cosette,Jakab,76,cjakab47@techcrunch.com,North Korea,,red,1.5,McNuggets,Student,Female,0,1,0
Pearl,Boule,33,pboule48@nytimes.com,China,,green,2.2,Quarter Pounder,Full-time,Female,0,1,0
Montgomery,Craster,66,mcraster49@naver.com,Peru,,red,3.6,Quarter Pounder,Full-time,Male,1,1,0
Dwayne,Cassidy,83,dcassidy4a@cnbc.com,Indonesia,,green,4.9,Big Mac,Student,Male,1,1,0
Chicky,Siverns,40,csiverns4b@berkeley.edu,China,,blue,1.9,McNuggets,Retired,Female,0,1,0
Viva,Cobden,37,vcobden4c@wisc.edu,Argentina,3600,green,0.4,Quarter Pounder,Student,Female,0,1,0
Sauveur,Water,64,swater4d@furl.net,Peru,,red,6.0,Quarter Pounder,Student,Male,1,1,0
Hartley,Grieve,60,hgrieve4e@dell.com,Armenia,,green,3.2,Big Mac,Retired,Male,1,1,0
Hilario,Plet,25,hplet4f@lulu.com,Philippines,5507,green,2.4,Quarter Pounder,Full-time,Male,1,0,1
Wilfrid,Van de Vlies,64,wvandevlies4g@toplist.cz,United States,90094,green,4.6,Big Mac,Full-time,Male,1,1,0
Corrinne,Naseby,82,cnaseby4h@google.co.jp,Hungary,7646,green,6.4,McNuggets,Retired,Female,0,1,0
Hy,Sowersby,70,hsowersby4i@free.fr,Palestinian Territory,,green,3.7,Quarter Pounder,Retired,Male,1,1,0
Herold,Marzelle,51,hmarzelle4j@nih.gov,Croatia,40318,blue,4.6,Quarter Pounder,Full-time,Male,1,1,0
Fayette,Rickett,53,frickett4k@biglobe.ne.jp,Democratic Republic of the Congo,,green,0.2,Quarter Pounder,Student,Female,0,1,0
Austina,Larway,28,alarway4l@foxnews.com,Canada,J9Z,green,3.5,Quarter Pounder,Full-time,Female,0,0,1
Annadiane,MacVean,31,amacvean4m@deliciousdays.com,Indonesia,,blue,2.1,Big Mac,Part-time,Female,0,1,0
Issie,Stockney,25,istockney4n@rediff.com,China,,red,0.4,Quarter Pounder,Part-time,Female,0,0,1
Job,Punchard,57,jpunchard4o@webeden.co.uk,Peru,,red,4.5,Big Mac,Student,Male,1,1,0
Sioux,Canedo,53,scanedo4p@pcworld.com,Sweden,152 31,blue,2.7,McNuggets,Part-time,Female,0,1,0
Billye,Hollingshead,57,bhollingshead4q@msn.com,Chile,,red,6.6,McNuggets,Retired,Female,0,1,0
Shani,Sprackling,50,ssprackling4r@cloudflare.com,Argentina,1862,green,0.5,Big Mac,Part-time,Female,0,1,0
Antonie,Goodenough,24,agoodenough4s@uiuc.edu,Indonesia,,blue,1.5,McNuggets,Student,Female,0,0,1
Laetitia,De Bruyn,22,ldebruyn4t@pen.io,Chile,,green,6.4,Quarter Pounder,Retired,Female,0,0,1
Ted,Dyble,62,tdyble4u@blog.com,Mauritius,,red,1.6,Big Mac,Full-time,Male,1,1,0
Garland,Axon,71,gaxon4v@craigslist.org,Uruguay,,blue,3.3,McNuggets,Full-time,Female,0,1,0
Wilek,Sansum,42,wsansum4w@g.co,Ukraine,,blue,1.0,Big Mac,Part-time,Male,1,1,0
Bridgette,Demead,40,bdemead4x@senate.gov,Argentina,9105,green,6.1,Big Mac,Part-time,Female,0,1,0
Paddy,Dand,45,pdand4y@ovh.net,Portugal,3800-596,red,6.8,Quarter Pounder,Full-time,Male,1,1,0
Sonnnie,Goldsmith,77,sgoldsmith4z@imageshack.us,Philippines,9104,red,0.6,Quarter Pounder,Part-time,Female,0,1,0
Thorpe,Mouland,22,tmouland50@home.pl,Brazil,37250-000,blue,6.0,McNuggets,Retired,Male,1,0,1
Aron,Seatter,36,aseatter51@ibm.com,China,,blue,3.2,Quarter Pounder,Student,Male,1,1,0
Tadeas,Barkway,37,tbarkway52@goodreads.com,Indonesia,,red,1.5,McNuggets,Full-time,Male,1,1,0
Jone,Dayer,40,jdayer53@epa.gov,Brazil,89270-000,red,2.2,Big Mac,Retired,Male,1,1,0
Johnnie,Hasney,39,jhasney54@bbc.co.uk,France,70030 CEDEX,red,7.0,Quarter Pounder,Retired,Male,1,1,0
Lynna,Sinson,80,lsinson55@moonfruit.com,Russia,431435,red,3.5,McNuggets,Part-time,Female,0,1,0
Berkie,Raiker,81,braiker56@netlog.com,China,,green,3.9,McNuggets,Student,Male,1,1,0
Fonz,Feldmark,83,ffeldmark57@google.pl,United States,78682,green,0.1,Quarter Pounder,Student,Male,1,1,0
Laraine,Dayne,84,ldayne58@mtv.com,Nigeria,,green,2.3,Quarter Pounder,Full-time,Female,0,1,0
Corine,Champerlen,40,cchamperlen59@answers.com,Ivory Coast,,green,6.3,Quarter Pounder,Part-time,Female,0,1,0
Frazer,Trodd,71,ftrodd5a@spiegel.de,Czech Republic,382 08,green,4.7,Quarter Pounder,Part-time,Male,1,1,0
Jeniece,Woods,81,jwoods5b@lycos.com,Peru,,red,1.3,Quarter Pounder,Full-time,Female,0,1,0
Adams,Caley,78,acaley5c@themeforest.net,China,,red,1.7,McNuggets,Full-time,Male,1,1,0
Jana,Loughney,69,jloughney5d@un.org,Ivory Coast,,blue,5.7,McNuggets,Part-time,Female,0,1,0
Sauncho,Buffham,44,sbuffham5e@is.gd,Brazil,37160-000,red,1.0,McNuggets,Part-time,Male,1,1,0
Gaylor,Gozzett,85,ggozzett5f@thetimes.co.uk,Poland,26-113,green,0.1,Quarter Pounder,Part-time,Male,1,1,0
Baxter,Deverale,60,bdeverale5g@elpais.com,Poland,34-115,green,2.3,Big Mac,Part-time,Male,1,1,0
Bridie,McArthur,35,bmcarthur5h@digg.com,United States,40293,red,2.5,Big Mac,Part-time,Female,0,1,0
Cher,Deneve,37,cdeneve5i@dmoz.org,Philippines,6527,blue,2.0,McNuggets,Student,Female,0,1,0
Haskell,Wookey,37,hwookey5j@forbes.com,Indonesia,,red,2.4,Quarter Pounder,Student,Male,1,1,0
Micky,Novotne,40,mnovotne5k@netvibes.com,Colombia,735569,red,2.8,McNuggets,Part-time,Male,1,1,0
Arden,Dunning,36,adunning5l@csmonitor.com,Croatia,42242,blue,0.8,Quarter Pounder,Retired,Female,0,1,0
Petronille,Ebbin,38,pebbin5m@slashdot.org,Equatorial Guinea,,green,3.9,McNuggets,Part-time,Female,0,1,0
Grete,Burkhill,79,gburkhill5n@homestead.com,China,,blue,1.5,McNuggets,Part-time,Female,0,1,0
Devin,Schottli,25,dschottli5o@squarespace.com,Brazil,48000-000,blue,4.0,Big Mac,Retired,Female,0,0,1
Armstrong,Kells,36,akells5p@deliciousdays.com,Portugal,3025-389,blue,3.0,Quarter Pounder,Student,Male,1,1,0
Vanya,Fer,68,vfer5q@com.com,China,,red,6.4,Big Mac,Student,Female,0,1,0
Joannes,Corbishley,24,jcorbishley5r@nps.gov,Sweden,411 36,red,4.3,McNuggets,Student,Female,0,0,1
Haze,Macro,35,hmacro5s@edublogs.org,Czech Republic,696 85,blue,6.1,Big Mac,Student,Male,1,1,0
Glenn,Willingham,40,gwillingham5t@joomla.org,China,,red,3.8,Big Mac,Retired,Female,0,1,0
Asher,Goldhawk,56,agoldhawk5u@blogger.com,France,37032 CEDEX 1,red,2.7,Big Mac,Retired,Male,1,1,0
Terza,Axtens,83,taxtens5v@360.cn,Armenia,,green,4.9,Quarter Pounder,Retired,Female,0,1,0
Susette,Jewiss,81,sjewiss5w@aboutads.info,China,,blue,6.8,Quarter Pounder,Student,Female,0,1,0
Rahal,Frankowski,72,rfrankowski5x@oaic.gov.au,France,13841 CEDEX,blue,2.8,Big Mac,Student,Female,0,1,0
Kameko,Sayes,84,ksayes5y@multiply.com,Nigeria,,red,5.1,Big Mac,Retired,Female,0,1,0
Bartram,Kermath,59,bkermath5z@prnewswire.com,Russia,649743,green,6.3,Quarter Pounder,Part-time,Male,1,1,0
Terrill,Snufflebottom,22,tsnufflebottom60@cbslocal.com,Democratic Republic of the Congo,,red,5.6,Big Mac,Retired,Male,1,0,1
Jacquenetta,Kernoghan,19,jkernoghan61@adobe.com,Guatemala,02004,blue,3.0,Big Mac,Student,Female,0,0,1
Krystalle,Broyd,81,kbroyd62@aboutads.info,Sweden,553 02,red,5.3,Big Mac,Part-time,Female,0,1,0
Jose,Lamperti,61,jlamperti63@pagesperso-orange.fr,China,,red,6.6,Quarter Pounder,Retired,Male,1,1,0
Tanhya,Chawkley,80,tchawkley64@arstechnica.com,Australia,5874,blue,1.6,Quarter Pounder,Part-time,Female,0,1,0
Sunshine,Senton,23,ssenton65@github.com,Kenya,,green,6.3,Big Mac,Part-time,Female,0,0,1
Tyson,Scobie,60,tscobie66@dmoz.org,Madagascar,,blue,1.7,Big Mac,Part-time,Male,1,1,0
Martguerita,Besnardeau,44,mbesnardeau67@state.tx.us,Argentina,6100,green,3.0,Quarter Pounder,Student,Female,0,1,0
Dulce,Heasman,62,dheasman68@pbs.org,Japan,999-3776,red,6.7,Quarter Pounder,Part-time,Female,0,1,0
Barbi,McKeney,76,bmckeney69@chron.com,Bosnia and Herzegovina,,blue,1.4,Big Mac,Student,Female,0,1,0
Huberto,Evitt,56,hevitt6a@va.gov,Israel,,blue,4.8,Quarter Pounder,Part-time,Male,1,1,0
Rudolph,Barca,22,rbarca6b@comsenz.com,Serbia,,green,1.5,Big Mac,Full-time,Male,1,0,1
Herrick,Burnand,43,hburnand6c@hud.gov,China,,green,6.2,McNuggets,Retired,Male,1,1,0
Lewie,Thowless,72,lthowless6d@mysql.com,Indonesia,,green,1.5,Quarter Pounder,Part-time,Male,1,1,0
Shawn,Polendine,50,spolendine6e@posterous.com,China,,red,3.7,McNuggets,Full-time,Male,1,1,0
Sigismundo,Cranmore,75,scranmore6f@hhs.gov,China,,blue,0.2,Big Mac,Student,Male,1,1,0
Berna,Senecaux,80,bsenecaux6g@dropbox.com,China,,red,3.9,Quarter Pounder,Retired,Female,0,1,0
Felicity,Waddilove,18,fwaddilove6h@census.gov,Russia,453663,blue,2.4,Quarter Pounder,Full-time,Female,0,0,1
Feodora,O'Hannen,74,fohannen6i@bizjournals.com,Philippines,9810,green,1.9,McNuggets,Student,Female,0,1,0
Vincenty,Desorts,18,vdesorts6j@themeforest.net,China,,blue,3.5,McNuggets,Part-time,Male,1,0,1
Onida,Tomenson,77,otomenson6k@independent.co.uk,Croatia,34310,blue,2.5,McNuggets,Full-time,Female,0,1,0
Ervin,Greep,54,egreep6l@springer.com,China,,green,2.3,Quarter Pounder,Retired,Male,1,1,0
Jenny,Gledhall,20,jgledhall6m@yale.edu,China,,red,1.4,Big Mac,Retired,Female,0,0,1
Caterina,Farrants,57,cfarrants6n@alexa.com,Portugal,3025-353,red,4.0,Big Mac,Retired,Female,0,1,0
Chris,Southerden,19,csoutherden6o@youtu.be,Brazil,39620-000,red,5.1,McNuggets,Part-time,Male,1,0,1
Christophorus,Boreland,57,cboreland6p@arstechnica.com,Philippines,9002,green,6.6,McNuggets,Retired,Male,1,1,0
Guido,Gyse,25,ggyse6q@bloglovin.com,Malaysia,40706,green,2.7,McNuggets,Full-time,Male,1,0,1
Byrom,Goldstraw,48,bgoldstraw6r@sbwire.com,Cuba,,red,1.4,Big Mac,Part-time,Male,1,1,0
April,Lay,70,alay6s@163.com,Brazil,13500-000,green,5.1,Quarter Pounder,Retired,Female,0,1,0
Babette,Offin,84,boffin6t@amazonaws.com,China,,red,0.5,Big Mac,Part-time,Female,0,1,0
Penni,Kilvington,25,pkilvington6u@geocities.jp,Indonesia,,red,1.7,Big Mac,Retired,Female,0,0,1
Berenice,Spores,34,bspores6v@google.com.au,Ukraine,,blue,5.4,McNuggets,Part-time,Female,0,1,0
Stephenie,Pawels,62,spawels6w@chron.com,Iran,,green,7.0,Big Mac,Full-time,Female,0,1,0
Freeland,Keeri,60,fkeeri6x@yale.edu,Argentina,3361,red,0.2,McNuggets,Part-time,Male,1,1,0
Antin,Whitaker,23,awhitaker6y@instagram.com,Laos,,green,5.6,McNuggets,Student,Male,1,0,1
Lyle,McKevany,63,lmckevany6z@wisc.edu,Estonia,,blue,5.5,Big Mac,Student,Male,1,1,0
Arman,Thornally,67,athornally70@illinois.edu,Thailand,31150,blue,4.6,Big Mac,Full-time,Male,1,1,0
Faythe,Rumsby,78,frumsby71@ted.com,Colombia,130027,blue,2.3,Quarter Pounder,Part-time,Female,0,1,0
Jayme,Markey,28,jmarkey72@purevolume.com,Israel,,green,2.8,Quarter Pounder,Retired,Male,1,0,1
Mignon,Bonfield,75,mbonfield73@webnode.com,Iran,,blue,0.4,Quarter Pounder,Retired,Female,0,1,0
Hazel,Joye,33,hjoye74@studiopress.com,Brazil,36520-000,red,2.7,Big Mac,Student,Male,1,1,0
Zitella,McKelvie,30,zmckelvie75@imgur.com,Armenia,,red,5.3,Big Mac,Student,Female,0,1,1
Cindie,Cave,43,ccave76@businessweek.com,Portugal,5425-025,blue,2.1,McNuggets,Part-time,Female,0,1,0
Marga,Sloley,70,msloley77@psu.edu,Japan,699-3162,blue,5.8,Quarter Pounder,Full-time,Female,0,1,0
Evelyn,Bourley,69,ebourley78@opensource.org,Nigeria,,blue,4.4,Big Mac,Student,Female,0,1,0
Elvis,Suche,62,esuche79@aol.com,Japan,354-0046,blue,2.3,Quarter Pounder,Student,Male,1,1,0
Jon,Anglin,41,janglin7a@adobe.com,Czech Republic,403 40,green,3.4,Quarter Pounder,Retired,Male,1,1,0
Alexa,Shakesby,62,ashakesby7b@twitter.com,Russia,353798,blue,0.0,McNuggets,Retired,Female,0,1,0
Michelina,Ramsted,75,mramsted7c@cbsnews.com,Pakistan,50700,red,5.2,Quarter Pounder,Full-time,Female,0,1,0
Felicio,Webling,63,fwebling7d@indiegogo.com,Greece,,blue,0.5,Big Mac,Student,Male,1,1,0
Dahlia,Petkovic,20,dpetkovic7e@yahoo.co.jp,China,,red,0.9,Big Mac,Student,Female,0,0,1
Symon,Bamlett,55,sbamlett7f@mayoclinic.com,Thailand,55000,green,4.6,Quarter Pounder,Part-time,Male,1,1,0
Hobie,Monelli,53,hmonelli7g@about.me,Indonesia,,blue,0.9,Quarter Pounder,Retired,Male,1,1,0
Willey,Cheston,82,wcheston7h@cnet.com,China,,green,1.8,McNuggets,Student,Male,1,1,0
Fergus,Hodinton,68,fhodinton7i@360.cn,Argentina,1623,green,1.2,Quarter Pounder,Part-time,Male,1,1,0
Desiree,Froschauer,80,dfroschauer7j@phpbb.com,China,,blue,4.4,McNuggets,Full-time,Female,0,1,0
Roman,Licciardello,52,rlicciardello7k@wsj.com,Philippines,9615,blue,6.4,McNuggets,Retired,Male,1,1,0
Oliver,Kilian,49,okilian7l@google.de,Serbia,,green,2.3,McNuggets,Student,Male,1,1,0
Gerrilee,Gerckens,50,ggerckens7m@walmart.com,Colombia,052837,blue,3.6,Big Mac,Retired,Female,0,1,0
Dorotea,Rowson,58,drowson7n@geocities.jp,China,,red,4.2,Big Mac,Retired,Female,0,1,0
Jasmin,Newell,36,jnewell7o@baidu.com,Serbia,,green,6.9,Quarter Pounder,Student,Female,0,1,0
Chrisy,Schwandner,85,cschwandner7p@sina.com.cn,Indonesia,,blue,0.2,Big Mac,Retired,Male,1,1,0
Deana,Aikin,21,daikin7q@edublogs.org,Zimbabwe,,blue,3.2,McNuggets,Full-time,Female,0,0,1
Bertine,Livingstone,74,blivingstone7r@ning.com,Poland,39-215,green,7.0,Quarter Pounder,Full-time,Female,0,1,0
Gelya,Garbott,61,ggarbott7s@cbslocal.com,France,07404 CEDEX,green,6.0,Quarter Pounder,Full-time,Female,0,1,0
Dodie,Darycott,39,ddarycott7t@deliciousdays.com,Zimbabwe,,blue,4.2,McNuggets,Full-time,Female,0,1,0
Rene,Boyfield,41,rboyfield7u@desdev.cn,Indonesia,,blue,3.3,Quarter Pounder,Retired,Female,0,1,0
Staci,Woodison,71,swoodison7v@sciencedaily.com,Paraguay,,red,3.0,McNuggets,Part-time,Female,0,1,0
Dusty,Gowar,54,dgowar7w@elegantthemes.com,China,,green,1.3,McNuggets,Part-time,Female,0,1,0
Jo-anne,Rustman,78,jrustman7x@storify.com,Indonesia,,blue,2.1,McNuggets,Full-time,Female,0,1,0
Pammy,Stainton,28,pstainton7y@mapy.cz,Portugal,2530-407,red,6.3,McNuggets,Retired,Female,0,0,1
Codi,Pawlicki,40,cpawlicki7z@oracle.com,China,,blue,6.2,Quarter Pounder,Student,Male,1,1,0
Walsh,Bridgewood,45,wbridgewood80@amazon.co.jp,Brazil,68760-000,red,6.9,Quarter Pounder,Part-time,Male,1,1,0
Kali,Laviste,24,klaviste81@statcounter.com,China,,green,7.0,McNuggets,Student,Female,0,0,1
Shelby,Tripet,85,stripet82@nhs.uk,Indonesia,,blue,0.2,Big Mac,Full-time,Female,0,1,0
Morten,Taborre,28,mtaborre83@blog.com,China,,blue,5.5,McNuggets,Student,Male,1,0,1
Bendick,MacCart,71,bmaccart84@dedecms.com,Peru,,blue,0.3,Quarter Pounder,Full-time,Male,1,1,0
Emeline,Bartle,26,ebartle85@dot.gov,Argentina,8326,blue,6.8,McNuggets,Part-time,Female,0,0,1
Arnoldo,Jeffels,36,ajeffels86@nasa.gov,Macedonia,1312,green,5.9,Quarter Pounder,Full-time,Male,1,1,0
Terrence,Panther,40,tpanther87@dailymail.co.uk,Poland,08-107,green,3.6,McNuggets,Student,Male,1,1,0
Ronnie,Logan,70,rlogan88@sbwire.com,Philippines,7008,blue,5.2,Big Mac,Full-time,Female,0,1,0
Pace,Trunks,58,ptrunks89@netvibes.com,Kazakhstan,,blue,1.4,McNuggets,Part-time,Male,1,1,0
Marcy,Gainsbury,52,mgainsbury8a@4shared.com,Indonesia,,red,0.5,Quarter Pounder,Student,Female,0,1,0
Harper,Bricham,79,hbricham8b@privacy.gov.au,Indonesia,,green,6.2,Quarter Pounder,Part-time,Male,1,1,0
Wilburt,Shale,51,wshale8c@foxnews.com,Indonesia,,red,6.7,Quarter Pounder,Student,Male,1,1,0
Ethelind,Vallens,55,evallens8d@bbc.co.uk,Peru,,green,3.2,Quarter Pounder,Retired,Female,0,1,0
Filbert,Woolfenden,71,fwoolfenden8e@yellowpages.com,Russia,663040,red,1.9,Quarter Pounder,Full-time,Male,1,1,0
Mirabella,Kapelhoff,22,mkapelhoff8f@virginia.edu,United States,14905,red,6.1,McNuggets,Student,Female,0,0,1
Darcy,Court,25,dcourt8g@naver.com,Indonesia,,green,0.5,Big Mac,Student,Female,0,0,1
Brewster,Von Der Empten,77,bvonderempten8h@is.gd,Czech Republic,788 05,blue,6.4,Quarter Pounder,Retired,Male,1,1,0
Nelli,Mackison,33,nmackison8i@vinaora.com,Ecuador,,green,3.7,Quarter Pounder,Full-time,Female,0,1,0
Roscoe,Jobling,54,rjobling8j@youku.com,China,,blue,0.4,McNuggets,Full-time,Male,1,1,0
Gael,Cawthron,72,gcawthron8k@i2i.jp,China,,blue,0.7,Quarter Pounder,Retired,Female,0,1,0
Concettina,Retter,53,cretter8l@clickbank.net,China,,blue,3.7,Big Mac,Student,Female,0,1,0
Adda,Toderbrugge,51,atoderbrugge8m@slideshare.net,Palestinian Territory,,red,4.5,Big Mac,Student,Female,0,1,0
Darcy,Rentoll,20,drentoll8n@bigcartel.com,China,,red,4.4,McNuggets,Retired,Male,1,0,1
Debi,Emby,36,demby8o@goo.gl,French Polynesia,,red,1.4,Big Mac,Part-time,Female,0,1,0
Alaster,Spere,45,aspere8p@typepad.com,Russia,663459,red,6.0,McNuggets,Student,Male,1,1,0
Montague,Mawson,75,mmawson8q@answers.com,Russia,164896,red,5.8,McNuggets,Student,Male,1,1,0
Alfons,Treharne,47,atreharne8r@biglobe.ne.jp,Slovenia,2256,blue,5.5,Big Mac,Student,Male,1,1,0
Elicia,Chinnery,34,echinnery8s@creativecommons.org,Myanmar,,red,5.2,Big Mac,Full-time,Female,0,1,0
Opal,Plackstone,37,oplackstone8t@aboutads.info,Ukraine,,red,1.8,Quarter Pounder,Full-time,Female,0,1,0
Caleb,Beyn,73,cbeyn8u@hibu.com,Mexico,93470,red,3.0,Quarter Pounder,Student,Male,1,1,0
Garry,Coopman,51,gcoopman8v@thetimes.co.uk,Indonesia,,green,2.5,Quarter Pounder,Full-time,Male,1,1,0
Baxy,Fullick,57,bfullick8w@jigsy.com,Mexico,54414,red,6.7,Quarter Pounder,Retired,Male,1,1,0
Nat,Schoffler,18,nschoffler8x@usda.gov,Argentina,6233,blue,0.4,McNuggets,Student,Male,1,0,1
Josefina,Meaney,49,jmeaney8y@flavors.me,Indonesia,,green,5.4,Big Mac,Part-time,Female,0,1,0
Yehudi,Bewly,52,ybewly8z@elpais.com,Philippines,3503,red,6.6,Quarter Pounder,Retired,Male,1,1,0
Florian,Idwal Evans,20,fidwalevans90@ucoz.com,United States,85099,red,3.8,Big Mac,Full-time,Male,1,0,1
Lia,Mc Harg,49,lmcharg91@issuu.com,Thailand,31180,green,0.8,Quarter Pounder,Student,Female,0,1,0
Hubey,Rudyard,77,hrudyard92@hibu.com,Poland,87-404,red,2.7,Quarter Pounder,Full-time,Male,1,1,0
Gale,Wudeland,23,gwudeland93@over-blog.com,Brazil,97755-000,green,0.3,Quarter Pounder,Full-time,Female,0,0,1
Barny,Glenwright,58,bglenwright94@examiner.com,China,,green,5.5,Quarter Pounder,Full-time,Male,1,1,0
Raimund,Marklew,38,rmarklew95@newyorker.com,Indonesia,,green,2.6,Quarter Pounder,Part-time,Male,1,1,0
Obidiah,Shinner,25,oshinner96@icq.com,Netherlands,6804,green,2.9,Quarter Pounder,Student,Male,1,0,1
Fawn,Orringe,41,forringe97@icq.com,Myanmar,,red,6.8,Big Mac,Retired,Female,0,1,0
Tessa,Ratchford,62,tratchford98@google.com.br,Portugal,8970-255,blue,4.9,McNuggets,Student,Female,0,1,0
Adelaide,Trank,71,atrank99@webs.com,Bosnia and Herzegovina,,green,4.6,Quarter Pounder,Full-time,Female,0,1,0
Barnett,Cossar,64,bcossar9a@cbsnews.com,Malaysia,79518,green,3.8,Big Mac,Retired,Male,1,1,0
Jarrett,Kilpatrick,81,jkilpatrick9b@japanpost.jp,Ukraine,,blue,5.9,Quarter Pounder,Student,Male,1,1,0
Aloise,Rebert,29,arebert9c@rambler.ru,Brazil,07000-000,green,4.9,Quarter Pounder,Part-time,Female,0,0,1
Minette,Larimer,29,mlarimer9d@upenn.edu,Ukraine,,green,2.9,Quarter Pounder,Retired,Female,0,0,1
Harley,Cannan,35,hcannan9e@jugem.jp,Russia,306204,green,5.8,Big Mac,Full-time,Female,0,1,0
Harley,Curado,65,hcurado9f@drupal.org,Mozambique,,blue,6.0,Quarter Pounder,Full-time,Female,0,1,0
Thorpe,Colquhoun,77,tcolquhoun9g@flickr.com,France,63409 CEDEX,green,3.7,Quarter Pounder,Student,Male,1,1,0
Gunar,Pipe,75,gpipe9h@adobe.com,Colombia,230029,blue,1.3,McNuggets,Retired,Male,1,1,0
Kameko,Glisane,45,kglisane9i@blogspot.com,China,,green,4.0,Quarter Pounder,Part-time,Female,0,1,0
Monty,Haythorne,42,mhaythorne9j@economist.com,China,,blue,7.0,Big Mac,Full-time,Male,1,1,0
Tate,Arghent,38,targhent9k@shareasale.com,Indonesia,,red,3.7,Big Mac,Full-time,Female,0,1,0
Catie,Traylen,19,ctraylen9l@amazon.co.jp,United States,20910,blue,6.8,McNuggets,Retired,Female,0,0,1
Angelika,Cunah,58,acunah9m@hexun.com,Peru,,blue,6.8,Quarter Pounder,Part-time,Female,0,1,0
Sorcha,Flight,33,sflight9n@senate.gov,Russia,403115,red,4.2,Quarter Pounder,Student,Female,0,1,0
Tedd,Geldeard,74,tgeldeard9o@youtu.be,Philippines,2302,green,3.4,McNuggets,Retired,Male,1,1,0
Dewie,McLarnon,83,dmclarnon9p@spotify.com,Brazil,55570-000,red,0.0,McNuggets,Part-time,Male,1,1,0
Leland,Spaunton,78,lspaunton9q@un.org,Honduras,,red,6.4,McNuggets,Part-time,Female,0,1,0
Ferrell,Norvel,54,fnorvel9r@latimes.com,Brazil,15900-000,green,2.0,Quarter Pounder,Part-time,Male,1,1,0
Vanessa,Lemmens,64,vlemmens9s@mayoclinic.com,Brazil,11730-000,blue,2.5,Big Mac,Full-time,Female,0,1,0
Michal,Ollivierre,40,mollivierre9t@mac.com,Brazil,92000-000,blue,3.0,Quarter Pounder,Part-time,Male,1,1,0
Nester,MacAdam,62,nmacadam9u@printfriendly.com,China,,blue,2.3,McNuggets,Part-time,Male,1,1,0
Othella,Bettles,84,obettles9v@nbcnews.com,Ukraine,,blue,3.3,Big Mac,Part-time,Female,0,1,0
Rois,Allanson,76,rallanson9w@slideshare.net,China,,green,2.3,McNuggets,Full-time,Female,0,1,0
Blayne,Slott,53,bslott9x@earthlink.net,Kosovo,,blue,2.3,Quarter Pounder,Part-time,Male,1,1,0
Vernon,Gideon,75,vgideon9y@bluehost.com,Indonesia,,green,4.6,Big Mac,Full-time,Male,1,1,0
Lindsay,Hornung,31,lhornung9z@angelfire.com,China,,red,3.1,Quarter Pounder,Student,Male,1,1,0
Rosene,Yeld,82,ryelda0@sogou.com,Indonesia,,red,5.7,Big Mac,Full-time,Female,0,1,0
Cesar,Saywell,73,csaywella1@telegraph.co.uk,Poland,58-263,red,2.3,McNuggets,Student,Male,1,1,0
Trescha,Tawton,18,ttawtona2@phpbb.com,China,,green,6.6,Big Mac,Part-time,Female,0,0,1
Benni,Pilgram,63,bpilgrama3@buzzfeed.com,Egypt,,red,5.8,Quarter Pounder,Full-time,Female,0,1,0
Winn,Vearncombe,63,wvearncombea4@slashdot.org,China,,green,0.1,McNuggets,Student,Male,1,1,0
Cate,Cockran,72,ccockrana5@hugedomains.com,Palestinian Territory,,red,3.7,Big Mac,Part-time,Female,0,1,0
Mychal,Burnell,64,mburnella6@weather.com,Russia,678953,green,5.8,McNuggets,Student,Male,1,1,0
Gaylord,Gini,79,gginia7@usatoday.com,China,,green,0.5,McNuggets,Student,Male,1,1,0
Deloris,Castanyer,61,dcastanyera8@globo.com,South Korea,,blue,3.0,McNuggets,Full-time,Female,0,1,0
Niall,Eborall,59,neboralla9@google.pl,China,,green,5.6,Big Mac,Part-time,Male,1,1,0
Mickie,Worster,54,mworsteraa@prlog.org,Peru,,green,3.6,Big Mac,Part-time,Female,0,1,0
Koressa,Withey,53,kwitheyab@hubpages.com,Portugal,3025-348,blue,6.7,Big Mac,Retired,Female,0,1,0
Carolus,Boyles,21,cboylesac@cbslocal.com,Portugal,4940-352,blue,5.1,Big Mac,Part-time,Male,1,0,1
Tiebold,Urpeth,22,turpethad@acquirethisname.com,China,,blue,4.9,Quarter Pounder,Full-time,Male,1,0,1
Arlinda,Baddam,76,abaddamae@paypal.com,Poland,38-458,green,3.4,Big Mac,Retired,Female,0,1,0
Terrance,Roofe,20,troofeaf@imgur.com,China,,blue,0.3,McNuggets,Retired,Male,1,0,1
Victor,De'Ath,72,vdeathag@networkadvertising.org,Indonesia,,red,2.2,Quarter Pounder,Part-time,Male,1,1,0
Codie,Corkell,32,ccorkellah@arizona.edu,Poland,55-110,green,7.0,Quarter Pounder,Full-time,Female,0,1,0
Avrom,Loveless,25,alovelessai@oakley.com,Serbia,,blue,5.7,McNuggets,Part-time,Male,1,0,1
Annetta,Lindl,76,alindlaj@skyrock.com,Egypt,,blue,0.4,Quarter Pounder,Part-time,Female,0,1,0
Early,Abercrombie,60,eabercrombieak@flickr.com,Syria,,red,0.6,McNuggets,Full-time,Male,1,1,0
Iolande,Guillard,48,iguillardal@va.gov,Brazil,65218-000,red,0.5,Quarter Pounder,Retired,Female,0,1,0
Natka,Tring,48,ntringam@unesco.org,China,,red,6.9,Big Mac,Student,Female,0,1,0
Armin,Gasticke,19,agastickean@naver.com,Myanmar,,blue,1.3,Big Mac,Part-time,Male,1,0,1
Loren,Heasley,27,lheasleyao@wired.com,Russia,433940,green,2.8,Quarter Pounder,Student,Male,1,0,1
Ruperta,Huge,36,rhugeap@flickr.com,Poland,21-003,red,6.9,Quarter Pounder,Full-time,Female,0,1,0
Marcello,Ness,32,mnessaq@imgur.com,China,,blue,5.2,Quarter Pounder,Student,Male,1,1,0
Kristan,Jakubowski,82,kjakubowskiar@example.com,Japan,682-0953,green,1.7,Big Mac,Part-time,Female,0,1,0
Bettye,Brokenshaw,19,bbrokenshawas@people.com.cn,Greece,,green,2.9,Quarter Pounder,Full-time,Female,0,0,1
Nichols,Dubery,55,nduberyat@discovery.com,Sweden,457 23,red,3.5,Quarter Pounder,Full-time,Male,1,1,0
Bordy,Benoey,55,bbenoeyau@livejournal.com,Zimbabwe,,green,3.4,Big Mac,Retired,Male,1,1,0
Isabelle,Hayworth,51,ihayworthav@biglobe.ne.jp,Indonesia,,red,1.3,Big Mac,Student,Female,0,1,0
Liesa,Reap,62,lreapaw@princeton.edu,Malaysia,10450,red,4.9,McNuggets,Part-time,Female,0,1,0
Doralyn,Tirkin,61,dtirkinax@google.ru,Greece,,red,5.4,Big Mac,Retired,Female,0,1,0
Ingaberg,Girogetti,26,igirogettiay@usatoday.com,Indonesia,,red,3.7,McNuggets,Retired,Female,0,0,1
Benyamin,Boynes,26,bboynesaz@washingtonpost.com,China,,red,5.7,Big Mac,Retired,Male,1,0,1
Alexandre,Drever,29,adreverb0@tiny.cc,United States,34108,green,3.8,McNuggets,Retired,Male,1,0,1
Bernice,Shallow,56,bshallowb1@mapquest.com,China,,blue,1.4,Big Mac,Retired,Female,0,1,0
Sayre,Victoria,25,svictoriab2@php.net,Poland,11-420,red,0.7,McNuggets,Student,Female,0,0,1
Alonso,Nott,26,anottb3@creativecommons.org,Canada,H4R,green,6.2,Quarter Pounder,Part-time,Male,1,0,1
Hieronymus,Newling,45,hnewlingb4@wikispaces.com,Israel,,red,4.2,McNuggets,Full-time,Male,1,1,0
Jeni,Peaddie,67,jpeaddieb5@uol.com.br,Russia,363759,green,1.1,Quarter Pounder,Part-time,Female,0,1,0
Kellen,Lorain,38,klorainb6@ibm.com,China,,green,6.4,McNuggets,Part-time,Male,1,1,0
Jozef,Wotton,23,jwottonb7@bigcartel.com,Portugal,2330-524,red,1.3,McNuggets,Full-time,Male,1,0,1
Cyndy,Gosselin,68,cgosselinb8@smh.com.au,Indonesia,,green,5.3,Big Mac,Retired,Female,0,1,0
Kippy,Leechman,56,kleechmanb9@timesonline.co.uk,Peru,,red,5.3,Quarter Pounder,Part-time,Female,0,1,0
Jannel,Caraher,51,jcaraherba@barnesandnoble.com,Indonesia,,green,3.1,Quarter Pounder,Full-time,Female,0,1,0
Windham,Arrol,85,warrolbb@cpanel.net,China,,green,1.1,Big Mac,Student,Male,1,1,0
Hobey,Tomaello,62,htomaellobc@cpanel.net,China,,red,6.5,Big Mac,Full-time,Male,1,1,0
Ilaire,Parkisson,51,iparkissonbd@opensource.org,Peru,,red,1.3,McNuggets,Part-time,Male,1,1,0
Angeli,Zanettini,81,azanettinibe@forbes.com,Colombia,134548,blue,4.1,Big Mac,Student,Male,1,1,0
Maxy,Kitney,65,mkitneybf@house.gov,China,,blue,0.7,McNuggets,Part-time,Female,0,1,0
Ingamar,McGarrie,51,imcgarriebg@rambler.ru,Indonesia,,green,4.9,McNuggets,Part-time,Male,1,1,0
Gregg,Magnus,65,gmagnusbh@senate.gov,Brazil,58500-000,red,1.6,Big Mac,Retired,Male,1,1,0
Ara,Dayley,75,adayleybi@berkeley.edu,Philippines,8501,red,1.9,McNuggets,Full-time,Male,1,1,0
Vassili,Gavahan,26,vgavahanbj@bizjournals.com,Argentina,3522,blue,4.8,Quarter Pounder,Full-time,Male,1,0,1
Alfy,Oxnam,25,aoxnambk@flavors.me,Sweden,793 50,green,6.6,Quarter Pounder,Student,Male,1,0,1
Steward,Busfield,53,sbusfieldbl@ustream.tv,China,,blue,6.2,Quarter Pounder,Retired,Male,1,1,0
Kippy,Exeter,71,kexeterbm@nydailynews.com,China,,red,6.9,McNuggets,Student,Male,1,1,0
Abran,Ugolini,21,augolinibn@wikia.com,El Salvador,,green,2.0,McNuggets,Retired,Male,1,0,1
Franchot,McFfaden,57,fmcffadenbo@e-recht24.de,Democratic Republic of the Congo,,red,2.8,Big Mac,Full-time,Male,1,1,0
Devina,Jaimez,50,djaimezbp@yelp.com,China,,blue,1.0,Big Mac,Full-time,Female,0,1,0
Dana,Scarth,42,dscarthbq@uiuc.edu,Sweden,973 41,green,6.3,McNuggets,Full-time,Male,1,1,0
Natty,Kerbey,64,nkerbeybr@harvard.edu,Portugal,2580-128,green,3.6,Quarter Pounder,Part-time,Male,1,1,0
Myrwyn,MacCoughan,65,mmaccoughanbs@woothemes.com,Finland,41270,green,2.7,Big Mac,Student,Male,1,1,0
Marius,Sliney,55,mslineybt@forbes.com,Thailand,80140,green,0.6,McNuggets,Part-time,Male,1,1,0
Jacinta,Hammell,28,jhammellbu@nationalgeographic.com,Canada,J1X,blue,6.9,McNuggets,Student,Female,0,0,1
Anni,Munden,60,amundenbv@seesaa.net,Brazil,88160-000,blue,2.6,Big Mac,Part-time,Female,0,1,0
Abigale,Spray,73,aspraybw@senate.gov,Indonesia,,red,0.6,Quarter Pounder,Part-time,Female,0,1,0
Ciro,Tyrrell,23,ctyrrellbx@simplemachines.org,Poland,98-354,blue,4.4,Quarter Pounder,Retired,Male,1,0,1
Caren,Cardenas,63,ccardenasby@mayoclinic.com,Albania,,green,6.9,Quarter Pounder,Full-time,Female,0,1,0
Vonnie,Mitrovic,79,vmitrovicbz@nytimes.com,China,,blue,3.2,Quarter Pounder,Part-time,Female,0,1,0
Tomlin,Ettritch,67,tettritchc0@icq.com,France,66845 CEDEX,green,4.9,Quarter Pounder,Student,Male,1,1,0
Francoise,Critzen,80,fcritzenc1@alexa.com,China,,blue,6.5,Big Mac,Retired,Female,0,1,0
Otto,O'Shevlan,59,ooshevlanc2@wikia.com,Reunion,97435,green,1.6,Big Mac,Full-time,Male,1,1,0
Dorolisa,Boutcher,26,dboutcherc3@devhub.com,Czech Republic,330 21,red,2.0,Quarter Pounder,Student,Female,0,0,1
Urson,Goulbourn,59,ugoulbournc4@usatoday.com,Luxembourg,L-3883,blue,3.1,McNuggets,Part-time,Male,1,1,0
Dannie,Grigoryov,62,dgrigoryovc5@wordpress.com,China,,green,4.9,Quarter Pounder,Full-time,Female,0,1,0
Zachary,Gaven,68,zgavenc6@sohu.com,Somalia,,blue,2.8,McNuggets,Retired,Male,1,1,0
Matteo,Trevithick,77,mtrevithickc7@mediafire.com,Greece,,red,3.8,Big Mac,Retired,Male,1,1,0
Elisabet,Callis,64,ecallisc8@typepad.com,Democratic Republic of the Congo,,blue,3.9,Quarter Pounder,Part-time,Female,0,1,0
Hugo,Wisbey,72,hwisbeyc9@earthlink.net,Ukraine,,green,2.2,McNuggets,Part-time,Male,1,1,0
Belvia,Roo,42,brooca@sina.com.cn,Greece,,red,3.6,Quarter Pounder,Retired,Female,0,1,0
Boot,Danniell,44,bdanniellcb@dmoz.org,Dominican Republic,11508,red,1.4,Big Mac,Student,Male,1,1,0
Osmund,Braithwait,69,obraithwaitcc@nps.gov,Bosnia and Herzegovina,,blue,0.4,Quarter Pounder,Part-time,Male,1,1,0
Maggie,Gooddy,72,mgooddycd@tinypic.com,Mexico,14260,green,2.0,McNuggets,Retired,Female,0,1,0
Freeman,Kezourec,43,fkezourecce@wix.com,Indonesia,,blue,2.4,Quarter Pounder,Student,Male,1,1,0
Flynn,Chave,81,fchavecf@admin.ch,China,,blue,5.0,Big Mac,Student,Male,1,1,0
Arron,Drever,33,adrevercg@craigslist.org,China,,green,0.8,Big Mac,Retired,Male,1,1,0
Donavon,Riseborough,24,driseboroughch@ebay.co.uk,Philippines,2424,red,2.6,Quarter Pounder,Retired,Male,1,0,1
Dore,Pastor,29,dpastorci@aol.com,Indonesia,,red,4.0,Quarter Pounder,Student,Male,1,0,1
Kalila,Huddart,85,khuddartcj@goo.gl,Colombia,418077,green,2.9,Quarter Pounder,Full-time,Female,0,1,0
Lock,Buntine,75,lbuntineck@freewebs.com,China,,green,4.0,Big Mac,Part-time,Male,1,1,0
Charley,Winkle,72,cwinklecl@who.int,Myanmar,,green,2.9,McNuggets,Part-time,Male,1,1,0
Genevra,Janusik,41,gjanusikcm@pagesperso-orange.fr,Slovenia,4600,red,0.8,Big Mac,Student,Female,0,1,0
Minni,Poston,18,mpostoncn@elpais.com,Portugal,2550-214,green,3.5,Quarter Pounder,Student,Female,0,0,1
Daveta,Harmeston,66,dharmestonco@google.com.au,Afghanistan,,red,5.5,McNuggets,Part-time,Female,0,1,0
Minni,Shillabeer,78,mshillabeercp@tmall.com,Colombia,522068,red,6.9,Quarter Pounder,Student,Female,0,1,0
Neel,Cullington,70,ncullingtoncq@mlb.com,Iran,,blue,4.2,McNuggets,Part-time,Male,1,1,0
Joline,Steckings,83,jsteckingscr@free.fr,China,,green,6.8,Big Mac,Retired,Female,0,1,0
Roseanna,Hatchell,18,rhatchellcs@slideshare.net,Swaziland,,blue,2.4,McNuggets,Student,Female,0,0,1
Daren,Tringham,21,dtringhamct@scribd.com,United States,62705,red,4.2,Quarter Pounder,Full-time,Male,1,0,1
Lev,Raynor,18,lraynorcu@mapy.cz,United States,34282,red,1.5,Big Mac,Student,Male,1,0,1
Lemar,Martinat,61,lmartinatcv@unblog.fr,China,,red,1.2,Quarter Pounder,Part-time,Male,1,1,0
Ange,Smoughton,79,asmoughtoncw@tamu.edu,United States,28299,red,5.4,McNuggets,Part-time,Female,0,1,0
Donny,Odo,37,dodocx@ftc.gov,China,,red,0.2,Big Mac,Retired,Male,1,1,0
Desi,Clowsley,32,dclowsleycy@constantcontact.com,China,,red,3.3,Big Mac,Retired,Male,1,1,0
Colman,Wooldridge,32,cwooldridgecz@theguardian.com,Uruguay,,red,3.0,Big Mac,Student,Male,1,1,0
Conni,Loan,52,cloand0@uol.com.br,Russia,141032,red,1.9,McNuggets,Retired,Female,0,1,0
Clo,Stronghill,59,cstronghilld1@alexa.com,China,,blue,6.7,Quarter Pounder,Retired,Female,0,1,0
Emelia,Frickey,30,efrickeyd2@vkontakte.ru,China,,red,5.7,Big Mac,Retired,Female,0,1,1
Quincy,Thecham,76,qthechamd3@alibaba.com,Indonesia,,blue,0.6,McNuggets,Student,Male,1,1,0
Bartholomeus,Playle,24,bplayled4@baidu.com,Brazil,65900-000,blue,1.4,McNuggets,Student,Male,1,0,1
Di,Muddiman,80,dmuddimand5@imgur.com,Indonesia,,blue,0.7,McNuggets,Part-time,Female,0,1,0
Suellen,Nasi,29,snasid6@alexa.com,Jamaica,,blue,1.3,Quarter Pounder,Full-time,Female,0,0,1
Boothe,Dutteridge,25,bdutteridged7@umn.edu,United States,19141,green,4.7,McNuggets,Part-time,Male,1,0,1
Jerrilee,Ciccottini,61,jciccottinid8@hc360.com,China,,green,2.8,McNuggets,Student,Female,0,1,0
Hermione,Horlick,85,hhorlickd9@patch.com,Gambia,,red,4.5,Big Mac,Full-time,Female,0,1,0
Katharine,McClinton,58,kmcclintonda@nps.gov,Chile,,blue,3.9,McNuggets,Part-time,Female,0,1,0
Analiese,Girardengo,65,agirardengodb@miibeian.gov.cn,Portugal,4715-477,green,2.4,Big Mac,Student,Female,0,1,0
Ronnie,Maro,69,rmarodc@forbes.com,Belarus,,blue,0.2,Quarter Pounder,Student,Female,0,1,0
Genevra,L'Amie,34,glamiedd@etsy.com,Russia,461149,blue,4.6,Quarter Pounder,Part-time,Female,0,1,0
Blaine,Strowlger,58,bstrowlgerde@fda.gov,Indonesia,,green,1.6,McNuggets,Part-time,Male,1,1,0
Rosa,Menat,77,rmenatdf@shop-pro.jp,Russia,445550,blue,5.2,McNuggets,Part-time,Female,0,1,0
Rhiamon,Buggs,29,rbuggsdg@springer.com,Argentina,5212,green,0.3,Big Mac,Student,Female,0,0,1
Ariela,Stobo,48,astobodh@joomla.org,Russia,161250,red,3.9,McNuggets,Part-time,Female,0,1,0
Percival,Postlewhite,35,ppostlewhitedi@networksolutions.com,Pakistan,69091,blue,0.7,Quarter Pounder,Retired,Male,1,1,0
Hersh,Seedhouse,76,hseedhousedj@vinaora.com,Vietnam,,red,3.8,Big Mac,Student,Male,1,1,0
Dona,Hainge,36,dhaingedk@chicagotribune.com,Kenya,,blue,3.5,McNuggets,Full-time,Female,0,1,0
Gaelan,Binns,39,gbinnsdl@instagram.com,Poland,34-382,red,0.2,Big Mac,Part-time,Male,1,1,0
Bess,Tassel,29,btasseldm@who.int,China,,green,0.5,Quarter Pounder,Part-time,Female,0,0,1
Leonerd,Agiolfinger,64,lagiolfingerdn@macromedia.com,Japan,769-0228,green,6.6,McNuggets,Student,Male,1,1,0
Alaine,Linden,23,alindendo@i2i.jp,Ukraine,,red,4.8,Quarter Pounder,Student,Female,0,0,1
Cchaddie,Aitcheson,57,caitchesondp@npr.org,Brazil,78390-000,green,6.3,McNuggets,Retired,Male,1,1,0
Mallorie,Gjerde,70,mgjerdedq@bizjournals.com,Indonesia,,green,6.7,Big Mac,Full-time,Female,0,1,0
Maryann,Luckman,61,mluckmandr@amazon.co.uk,Mexico,29601,red,3.3,Quarter Pounder,Part-time,Female,0,1,0
Simon,Champley,76,schampleyds@pcworld.com,China,,green,2.4,McNuggets,Retired,Male,1,1,0
Adelbert,Hanney,42,ahanneydt@princeton.edu,Rwanda,,blue,6.1,Quarter Pounder,Student,Male,1,1,0
Crosby,Tefft,39,ctefftdu@hubpages.com,Philippines,1807,red,5.8,McNuggets,Retired,Male,1,1,0
Selby,Gorges,27,sgorgesdv@eventbrite.com,China,,blue,6.4,Big Mac,Full-time,Male,1,0,1
Con,Stollery,85,cstollerydw@theatlantic.com,Brazil,32900-000,green,0.6,Big Mac,Part-time,Female,0,1,0
Merrill,Venneur,84,mvenneurdx@dot.gov,Canada,C1B,green,5.8,McNuggets,Part-time,Female,0,1,0
Rocky,Caswall,26,rcaswalldy@cpanel.net,Indonesia,,blue,3.7,Quarter Pounder,Retired,Male,1,0,1
Ileana,Backshaw,46,ibackshawdz@time.com,Portugal,5460-304,red,2.4,Big Mac,Retired,Female,0,1,0
Daryle,Cockshtt,59,dcockshtte0@diigo.com,China,,green,5.0,Quarter Pounder,Student,Male,1,1,0
Dorise,Cruse,75,dcrusee1@multiply.com,Indonesia,,red,5.4,Big Mac,Retired,Female,0,1,0
Rosene,Boydell,72,rboydelle2@bing.com,Poland,43-354,blue,2.8,Quarter Pounder,Full-time,Female,0,1,0
Marylynne,Vaudrey,43,mvaudreye3@jalbum.net,Brazil,18290-000,green,5.6,Big Mac,Full-time,Female,0,1,0
Bebe,Kleine,20,bkleinee4@japanpost.jp,Bosnia and Herzegovina,,blue,6.2,McNuggets,Student,Female,0,0,1
Dunstan,Kinch,19,dkinche5@diigo.com,Peru,,blue,5.3,Quarter Pounder,Student,Male,1,0,1
Peirce,Stuttard,43,pstuttarde6@blinklist.com,China,,blue,5.0,McNuggets,Student,Male,1,1,0
Weylin,MacNeish,36,wmacneishe7@independent.co.uk,China,,blue,6.6,Quarter Pounder,Retired,Male,1,1,0
Johnny,Macy,61,jmacye8@youku.com,Uruguay,,red,0.8,Quarter Pounder,Part-time,Male,1,1,0
Belia,Liddell,45,bliddelle9@infoseek.co.jp,Albania,,red,2.1,Quarter Pounder,Full-time,Female,0,1,0
Madeleine,Kapelhof,23,mkapelhofea@businessweek.com,Brazil,89275-000,red,1.6,Big Mac,Full-time,Female,0,0,1
Corabel,Northgraves,25,cnorthgraveseb@shutterfly.com,Colombia,910008,blue,2.8,McNuggets,Full-time,Female,0,0,1
Llywellyn,Redbourn,39,lredbournec@china.com.cn,Poland,87-220,green,5.2,Big Mac,Full-time,Male,1,1,0
Melanie,Maysor,66,mmaysored@myspace.com,Egypt,,red,4.1,Quarter Pounder,Student,Female,0,1,0
Doroteya,Spaight,81,dspaightee@google.nl,France,59304 CEDEX,red,6.4,Quarter Pounder,Student,Female,0,1,0
Osborn,Lenz,22,olenzef@oaic.gov.au,Indonesia,,green,1.9,Big Mac,Full-time,Male,1,0,1
Tootsie,Janzen,49,tjanzeneg@netlog.com,Brazil,88750-000,red,0.4,Quarter Pounder,Part-time,Female,0,1,0
Hazlett,Halesworth,24,hhaleswortheh@nature.com,Poland,32-020,blue,6.1,Big Mac,Student,Male,1,0,1
Jordan,Christopher,41,jchristopherei@360.cn,Burkina Faso,,blue,6.7,Big Mac,Full-time,Female,0,1,0
Robbin,Sutherden,48,rsutherdenej@fema.gov,Philippines,8702,blue,6.5,Quarter Pounder,Full-time,Female,0,1,0
Sharon,Corzon,44,scorzonek@virginia.edu,Poland,34-360,green,6.6,Quarter Pounder,Retired,Female,0,1,0
Pierre,Beran,51,pberanel@networksolutions.com,Namibia,,blue,3.9,McNuggets,Full-time,Male,1,1,0
Veriee,Sager,72,vsagerem@upenn.edu,Angola,,red,0.6,Quarter Pounder,Student,Female,0,1,0
Brucie,Tax,26,btaxen@engadget.com,Pakistan,26241,green,1.8,McNuggets,Part-time,Male,1,0,1
Kile,Keoghane,59,kkeoghaneeo@gov.uk,Indonesia,,green,6.5,Big Mac,Full-time,Male,1,1,0
Hewie,Grund,77,hgrundep@mail.ru,China,,green,4.2,McNuggets,Full-time,Male,1,1,0
Cass,Ollington,43,collingtoneq@furl.net,Indonesia,,red,6.9,Quarter Pounder,Retired,Male,1,1,0
Elbert,Spires,85,espireser@skype.com,Uganda,,red,2.8,Big Mac,Full-time,Male,1,1,0
Cordelie,Adam,30,cadames@blogger.com,Portugal,4705-029,red,1.1,Big Mac,Part-time,Female,0,1,1
Gwyneth,Davers,28,gdaverset@naver.com,China,,green,3.8,Quarter Pounder,Retired,Female,0,0,1
Hasheem,Griffen,26,hgriffeneu@umich.edu,Yemen,,red,0.2,Quarter Pounder,Part-time,Male,1,0,1
Timmie,Oades,28,toadesev@gizmodo.com,Portugal,4620-091,green,5.6,Big Mac,Student,Male,1,0,1
Benny,Belcham,19,bbelchamew@hp.com,Sweden,149 43,blue,1.6,Quarter Pounder,Full-time,Female,0,0,1
Isidor,Burgett,34,iburgettex@google.co.uk,Macedonia,7512,green,0.8,Quarter Pounder,Student,Male,1,1,0
Brendis,Phlippsen,60,bphlippseney@pinterest.com,China,,green,1.9,Quarter Pounder,Student,Male,1,1,0
Chloe,Galey,85,cgaleyez@naver.com,Mongolia,,green,2.1,Quarter Pounder,Part-time,Female,0,1,0
Taylor,Waberer,44,twabererf0@unesco.org,Sweden,661 31,blue,3.3,Quarter Pounder,Part-time,Male,1,1,0
Farrel,Boarer,69,fboarerf1@ucla.edu,Philippines,5012,green,1.0,Quarter Pounder,Part-time,Male,1,1,0
Esra,Saura,76,esauraf2@mozilla.org,Japan,473-0938,blue,2.9,Big Mac,Student,Male,1,1,0
Malvina,Rany,31,mranyf3@google.nl,Poland,46-233,blue,1.3,McNuggets,Part-time,Female,0,1,0
Regen,Bartoloma,21,rbartolomaf4@seattletimes.com,China,,red,0.2,Big Mac,Part-time,Male,1,0,1
Salome,Cowley,44,scowleyf5@amazon.co.uk,Sweden,593 30,green,4.6,Quarter Pounder,Part-time,Female,0,1,0
Ana,Gages,65,agagesf6@pbs.org,Poland,32-064,red,4.8,Quarter Pounder,Retired,Female,0,1,0
Shelley,Flode,25,sflodef7@edublogs.org,Indonesia,,blue,0.6,McNuggets,Full-time,Female,0,0,1
Dom,Burgon,61,dburgonf8@myspace.com,Senegal,,green,5.7,McNuggets,Student,Male,1,1,0
Sadye,Fenich,42,sfenichf9@ocn.ne.jp,China,,red,2.0,McNuggets,Full-time,Female,0,1,0
Consuelo,Salvatore,55,csalvatorefa@homestead.com,Indonesia,,green,3.1,Quarter Pounder,Full-time,Female,0,1,0
Wait,Szanto,76,wszantofb@thetimes.co.uk,Israel,,blue,6.1,Big Mac,Full-time,Male,1,1,0
Chrysler,Quinane,41,cquinanefc@paginegialle.it,Georgia,,red,1.1,McNuggets,Retired,Female,0,1,0
Stan,Newick,21,snewickfd@eepurl.com,Ireland,F93,green,5.4,Quarter Pounder,Retired,Male,1,0,1
Shepard,Buie,61,sbuiefe@mapy.cz,China,,green,6.0,Quarter Pounder,Part-time,Male,1,1,0
Katee,Kagan,38,kkaganff@github.com,Philippines,2501,red,4.0,Big Mac,Full-time,Female,0,1,0
Lidia,Kulicke,24,lkulickefg@tamu.edu,Spain,28055,green,4.9,Quarter Pounder,Full-time,Female,0,0,1
Norby,Durtnel,40,ndurtnelfh@facebook.com,Colombia,503068,blue,0.7,McNuggets,Full-time,Male,1,1,0
Amery,Henze,43,ahenzefi@apple.com,Indonesia,,blue,4.1,Big Mac,Student,Male,1,1,0
Redd,Poluzzi,76,rpoluzzifj@cbc.ca,Philippines,8509,red,0.5,Big Mac,Full-time,Male,1,1,0
Bart,Youd,82,byoudfk@newyorker.com,Indonesia,,blue,4.1,Big Mac,Student,Male,1,1,0
Yance,Llewellyn,24,yllewellynfl@bbc.co.uk,Portugal,3025-610,green,2.4,Big Mac,Student,Male,1,0,1
Fitz,Baud,18,fbaudfm@pagesperso-orange.fr,China,,red,6.0,Big Mac,Part-time,Male,1,0,1
Gilli,Tallis,59,gtallisfn@i2i.jp,Colombia,472028,blue,1.3,Big Mac,Student,Female,0,1,0
Atlanta,Wimes,18,awimesfo@vinaora.com,Philippines,1773,red,4.1,McNuggets,Part-time,Female,0,0,1
Esme,Growcock,63,egrowcockfp@netvibes.com,China,,blue,4.1,McNuggets,Full-time,Female,0,1,0
Heather,Christoffe,52,hchristoffefq@ifeng.com,France,39605 CEDEX,blue,5.5,Big Mac,Part-time,Female,0,1,0
Luisa,Ricardin,65,lricardinfr@live.com,Portugal,4620-031,red,1.9,McNuggets,Part-time,Female,0,1,0
Adela,Fairy,60,afairyfs@123-reg.co.uk,Liberia,,green,3.7,Quarter Pounder,Retired,Female,0,1,0
Keith,Mertgen,79,kmertgenft@hexun.com,Paraguay,,green,0.6,Big Mac,Part-time,Male,1,1,0
Nealon,Canty,42,ncantyfu@mlb.com,Kenya,,green,2.3,McNuggets,Student,Male,1,1,0
Ynes,Chadwin,81,ychadwinfv@nih.gov,Russia,353827,blue,6.0,McNuggets,Student,Female,0,1,0
Bart,Dhillon,34,bdhillonfw@sohu.com,Greece,,green,5.8,Quarter Pounder,Student,Male,1,1,0
Alley,Shillabeare,71,ashillabearefx@cornell.edu,France,91199 CEDEX,blue,0.8,Big Mac,Retired,Male,1,1,0
Randee,Dymoke,71,rdymokefy@globo.com,China,,green,0.4,McNuggets,Student,Female,0,1,0
Brooks,Kupisz,58,bkupiszfz@mozilla.com,Nigeria,,blue,6.4,McNuggets,Retired,Female,0,1,0
Barret,Stavers,76,bstaversg0@foxnews.com,China,,blue,0.5,Quarter Pounder,Part-time,Male,1,1,0
Ewart,Scading,81,escadingg1@psu.edu,China,,blue,1.8,Quarter Pounder,Part-time,Male,1,1,0
Filippa,Humby,47,fhumbyg2@privacy.gov.au,South Africa,9913,red,5.9,Quarter Pounder,Student,Female,0,1,0
Ailee,Legon,32,alegong3@shinystat.com,Russia,624320,green,3.0,McNuggets,Retired,Female,0,1,0
Krystle,Lyste,38,klysteg4@slideshare.net,Russia,622937,blue,0.2,McNuggets,Student,Female,0,1,0
Nikos,Blunkett,25,nblunkettg5@ucla.edu,Japan,969-1661,blue,5.7,Quarter Pounder,Full-time,Male,1,0,1
Noel,Tofano,34,ntofanog6@chicagotribune.com,Indonesia,,red,4.7,Quarter Pounder,Full-time,Female,0,1,0
Meier,Van Dalen,68,mvandaleng7@hao123.com,Colombia,252837,green,2.6,Big Mac,Full-time,Male,1,1,0
Jordan,Finneran,67,jfinnerang8@youtube.com,Argentina,3530,red,6.3,Big Mac,Part-time,Male,1,1,0
Phineas,Atkins,82,patkinsg9@unesco.org,Chile,,red,5.4,Quarter Pounder,Part-time,Male,1,1,0
Ramsey,Rassell,67,rrassellga@oracle.com,Palestinian Territory,,green,2.1,Big Mac,Part-time,Male,1,1,0
Duke,Gaffer,84,dgaffergb@elpais.com,China,,green,2.7,Quarter Pounder,Student,Male,1,1,0
Kalvin,Piletic,43,kpileticgc@bluehost.com,Greece,,blue,3.9,Quarter Pounder,Part-time,Male,1,1,0
Marcelline,MacLeod,27,mmacleodgd@webs.com,Poland,16-101,blue,3.5,McNuggets,Full-time,Female,0,0,1
Elisabeth,Brenard,31,ebrenardge@ucla.edu,Cyprus,,green,2.5,Big Mac,Student,Female,0,1,0
Marcella,Joblin,82,mjoblingf@toplist.cz,Finland,61301,blue,4.7,Big Mac,Part-time,Female,0,1,0
Mariska,Le Pruvost,20,mlepruvostgg@google.com,Sweden,105 32,red,0.6,Quarter Pounder,Part-time,Female,0,0,1
Craggie,Pouck,41,cpouckgh@twitpic.com,Thailand,44150,green,5.7,Quarter Pounder,Part-time,Male,1,1,0
Ellette,Bodicam,69,ebodicamgi@feedburner.com,Peru,,red,4.1,McNuggets,Full-time,Female,0,1,0
Alejandro,Dockree,58,adockreegj@boston.com,Sudan,,red,6.1,Quarter Pounder,Part-time,Male,1,1,0
Deanne,Goulbourne,83,dgoulbournegk@google.de,Tajikistan,,blue,0.7,McNuggets,Student,Female,0,1,0
Thorin,Swepson,53,tswepsongl@oracle.com,France,94659 CEDEX 1,green,1.0,Quarter Pounder,Student,Male,1,1,0
Moreen,Garlick,21,mgarlickgm@walmart.com,Russia,180559,blue,4.5,Big Mac,Full-time,Female,0,0,1
Kermy,Downgate,23,kdowngategn@hubpages.com,Ukraine,,red,2.7,Big Mac,Retired,Male,1,0,1
Eddy,Dreinan,65,edreinango@yahoo.co.jp,Jamaica,,blue,0.5,McNuggets,Full-time,Male,1,1,0
Oby,Pentycross,69,opentycrossgp@pen.io,Iran,,red,4.5,Quarter Pounder,Student,Male,1,1,0
Ali,Plastow,63,aplastowgq@cloudflare.com,Sweden,418 77,red,5.5,McNuggets,Full-time,Female,0,1,0
Ardenia,Dran,67,adrangr@weebly.com,Russia,141901,blue,3.7,Big Mac,Full-time,Female,0,1,0
Meredith,Spurge,67,mspurgegs@bigcartel.com,Indonesia,,green,1.0,Big Mac,Student,Male,1,1,0
Jamey,Hestrop,78,jhestropgt@ihg.com,China,,green,0.9,Big Mac,Full-time,Male,1,1,0
Dorree,Deveraux,63,ddeverauxgu@addtoany.com,Serbia,,green,0.9,McNuggets,Student,Female,0,1,0
Callean,Tabard,66,ctabardgv@telegraph.co.uk,Belarus,,blue,5.7,Big Mac,Retired,Male,1,1,0
Elizabeth,Lively,69,elivelygw@ow.ly,El Salvador,,green,0.9,Big Mac,Full-time,Female,0,1,0
Sherm,Szymanowski,81,sszymanowskigx@cisco.com,Indonesia,,green,4.8,Quarter Pounder,Full-time,Male,1,1,0
Almeda,Scawn,63,ascawngy@digg.com,Sweden,142 82,green,3.5,McNuggets,Part-time,Female,0,1,0
Van,Burgoyne,61,vburgoynegz@chronoengine.com,Russia,399088,green,0.3,McNuggets,Full-time,Female,0,1,0
Eddie,Madre,23,emadreh0@forbes.com,China,,red,4.9,Quarter Pounder,Full-time,Female,0,0,1
Neill,Sinderland,52,nsinderlandh1@blogtalkradio.com,Indonesia,,blue,5.9,McNuggets,Retired,Male,1,1,0
Geralda,Franzonello,68,gfranzonelloh2@nymag.com,Japan,999-6732,green,4.9,Quarter Pounder,Part-time,Female,0,1,0
Gwenore,Brahm,69,gbrahmh3@weather.com,South Africa,0960,blue,4.3,McNuggets,Student,Female,0,1,0
Dal,Mitchelhill,24,dmitchelhillh4@tumblr.com,Argentina,2500,green,2.7,Quarter Pounder,Retired,Male,1,0,1
Glenden,Espinha,18,gespinhah5@dropbox.com,China,,green,4.4,Quarter Pounder,Student,Male,1,0,1
Olly,Castagne,47,ocastagneh6@tmall.com,Russia,427168,blue,4.9,Big Mac,Part-time,Female,0,1,0
Dyane,Voyce,85,dvoyceh7@github.com,Peru,,green,5.5,Big Mac,Student,Female,0,1,0
Burgess,Lissemore,47,blissemoreh8@ifeng.com,Argentina,4142,red,5.4,Big Mac,Student,Male,1,1,0
Harriett,Scanlan,73,hscanlanh9@elegantthemes.com,Finland,07800,blue,2.9,McNuggets,Retired,Female,0,1,0
Peter,Margerison,21,pmargerisonha@unicef.org,Peru,,green,3.5,Quarter Pounder,Retired,Male,1,0,1
Aeriell,Dominguez,61,adominguezhb@mayoclinic.com,China,,blue,6.0,Quarter Pounder,Retired,Female,0,1,0
Giacinta,Jezzard,83,gjezzardhc@nydailynews.com,Tanzania,,red,3.1,McNuggets,Part-time,Female,0,1,0
Caron,Janczak,73,cjanczakhd@canalblog.com,Philippines,6214,red,3.6,Big Mac,Retired,Female,0,1,0
Irvin,Giannini,27,igianninihe@cbc.ca,Brazil,87390-000,green,5.6,McNuggets,Part-time,Male,1,0,1
Shaughn,Chataignier,59,schataignierhf@posterous.com,Indonesia,,blue,6.6,Quarter Pounder,Student,Male,1,1,0
Charis,Crosfield,71,ccrosfieldhg@symantec.com,China,,red,2.7,Big Mac,Full-time,Female,0,1,0
Scotty,Ivanov,26,sivanovhh@blogtalkradio.com,Indonesia,,red,4.2,Big Mac,Student,Male,1,0,1
Meriel,Brien,38,mbrienhi@sakura.ne.jp,France,02104 CEDEX,blue,5.5,McNuggets,Student,Female,0,1,0
Pearline,Hamlington,64,phamlingtonhj@vimeo.com,Indonesia,,red,0.8,Big Mac,Student,Female,0,1,0
Brooke,Spawton,70,bspawtonhk@last.fm,Poland,36-072,blue,4.5,Quarter Pounder,Full-time,Male,1,1,0
Nataline,Wailes,50,nwaileshl@mac.com,Russia,352708,green,2.7,Big Mac,Student,Female,0,1,0
Sinclare,Tregunnah,24,stregunnahhm@mozilla.org,Japan,409-2522,blue,3.6,Quarter Pounder,Part-time,Male,1,0,1
Oneida,Thyng,80,othynghn@gizmodo.com,France,62036 CEDEX,red,2.2,Quarter Pounder,Student,Female,0,1,0
Dorita,Carrabott,63,dcarrabottho@wunderground.com,Canada,K1G,red,0.9,McNuggets,Student,Female,0,1,0
Cointon,VanBrugh,41,cvanbrughhp@google.it,Poland,65-980,red,4.0,Quarter Pounder,Part-time,Male,1,1,0
Hedvig,Varfolomeev,70,hvarfolomeevhq@shop-pro.jp,Philippines,6219,blue,2.7,Quarter Pounder,Student,Female,0,1,0
Wyatan,Rosser,44,wrosserhr@woothemes.com,Japan,509-0147,green,0.1,McNuggets,Part-time,Male,1,1,0
Lanie,Ingerith,81,lingerithhs@telegraph.co.uk,Bulgaria,7219,blue,6.3,McNuggets,Part-time,Female,0,1,0
Happy,Houndson,67,hhoundsonht@discuz.net,Philippines,5101,blue,5.7,McNuggets,Retired,Female,0,1,0
Gifford,Southerell,85,gsoutherellhu@home.pl,Indonesia,,green,2.4,Big Mac,Student,Male,1,1,0
Errick,Mc Andrew,26,emcandrewhv@moonfruit.com,Ireland,P56,blue,0.2,Quarter Pounder,Retired,Male,1,0,1
Doris,Mansour,18,dmansourhw@flavors.me,Colombia,175038,blue,2.9,McNuggets,Student,Female,0,0,1
Milzie,Lukacs,48,mlukacshx@discovery.com,Peru,,blue,6.5,Quarter Pounder,Retired,Female,0,1,0
Timmie,Gawthrope,69,tgawthropehy@discuz.net,Norway,5806,green,0.9,Big Mac,Full-time,Female,0,1,0
Davy,Stileman,30,dstilemanhz@dell.com,Poland,34-350,blue,0.9,McNuggets,Part-time,Male,1,1,1
Isabeau,Brok,31,ibroki0@trellian.com,Japan,999-7638,red,1.0,McNuggets,Student,Female,0,1,0
Samantha,McGraffin,70,smcgraffini1@a8.net,Afghanistan,,red,6.4,Quarter Pounder,Part-time,Female,0,1,0
Casey,Buncombe,72,cbuncombei2@ucsd.edu,Japan,597-0095,red,2.2,Big Mac,Full-time,Male,1,1,0
Karyl,Maccrea,83,kmaccreai3@ox.ac.uk,China,,red,4.0,Quarter Pounder,Full-time,Female,0,1,0
Finn,Kyles,85,fkylesi4@pcworld.com,United States,78682,red,0.9,McNuggets,Part-time,Male,1,1,0
Carlo,Piff,44,cpiffi5@nyu.edu,Bulgaria,2889,blue,3.8,Quarter Pounder,Retired,Male,1,1,0
Jonathan,Tamas,30,jtamasi6@microsoft.com,Argentina,4622,green,3.0,Big Mac,Part-time,Male,1,1,1
Smith,Beagley,44,sbeagleyi7@google.ca,Ethiopia,,blue,2.5,McNuggets,Full-time,Male,1,1,0
Merissa,Vedekhov,76,mvedekhovi8@ucoz.ru,Brazil,11250-000,blue,3.1,Quarter Pounder,Full-time,Female,0,1,0
Steffi,Stothard,73,sstothardi9@rakuten.co.jp,China,,blue,5.1,McNuggets,Part-time,Female,0,1,0
Freemon,Lashley,80,flashleyia@google.com.hk,Canada,N8V,blue,4.1,Big Mac,Part-time,Male,1,1,0
Lonni,Piffe,34,lpiffeib@ucoz.ru,Russia,347417,red,6.8,Quarter Pounder,Full-time,Female,0,1,0
Melantha,Schechter,75,mschechteric@geocities.com,Pakistan,67451,green,6.6,Quarter Pounder,Full-time,Female,0,1,0
Jermayne,Fligg,52,jfliggid@yellowbook.com,Russia,346408,red,1.1,Big Mac,Student,Male,1,1,0
Abbe,Borgnet,54,aborgnetie@hp.com,Bangladesh,3562,blue,3.2,Big Mac,Student,Male,1,1,0
Teena,Serrier,40,tserrierif@harvard.edu,Venezuela,,red,6.3,Big Mac,Part-time,Female,0,1,0
Kylila,Curle,18,kcurleig@biblegateway.com,Russia,416372,blue,0.6,McNuggets,Part-time,Female,0,0,1
Siegfried,Scyner,31,sscynerih@mozilla.org,Palestinian Territory,,blue,2.6,Quarter Pounder,Retired,Male,1,1,0
Nickie,Bukac,30,nbukacii@angelfire.com,Belarus,,blue,0.7,McNuggets,Full-time,Female,0,1,1
Tiertza,Cattonnet,56,tcattonnetij@opera.com,Uganda,,blue,6.8,Big Mac,Full-time,Female,0,1,0
Shannan,Henker,46,shenkerik@techcrunch.com,Ukraine,,blue,0.8,Big Mac,Retired,Male,1,1,0
Cleve,Bickardike,35,cbickardikeil@uiuc.edu,Egypt,,blue,3.7,Big Mac,Student,Male,1,1,0
Marysa,Salan,37,msalanim@clickbank.net,Brazil,16300-000,green,5.3,Quarter Pounder,Full-time,Female,0,1,0
Haley,Capey,61,hcapeyin@canalblog.com,Sweden,121 36,red,2.5,Big Mac,Retired,Female,0,1,0
Logan,Drayton,61,ldraytonio@theguardian.com,Russia,238411,red,2.9,Big Mac,Full-time,Male,1,1,0
Leanora,Senchenko,24,lsenchenkoip@squidoo.com,Tuvalu,,red,4.3,Quarter Pounder,Part-time,Female,0,0,1
Briggs,Ends,77,bendsiq@jimdo.com,Philippines,1555,green,4.9,McNuggets,Student,Male,1,1,0
Rowan,Hagart,29,rhagartir@tinypic.com,China,,red,2.5,McNuggets,Full-time,Male,1,0,1
Evangelia,Burlay,83,eburlayis@over-blog.com,Russia,352364,blue,0.6,Big Mac,Part-time,Female,0,1,0
Ax,Burnel,67,aburnelit@naver.com,China,,red,3.3,Quarter Pounder,Retired,Male,1,1,0
Amabelle,Philippsohn,25,aphilippsohniu@ycombinator.com,Mauritius,,red,5.3,McNuggets,Student,Female,0,0,1
Milty,Pounder,63,mpounderiv@alexa.com,China,,blue,4.0,Big Mac,Retired,Male,1,1,0
Sibylle,Stone,29,sstoneiw@i2i.jp,Thailand,20180,red,3.0,Quarter Pounder,Part-time,Female,0,0,1
Pippo,Daw,24,pdawix@netvibes.com,Indonesia,,green,6.7,McNuggets,Full-time,Male,1,0,1
Kenneth,Sawtell,68,ksawtelliy@cafepress.com,Sweden,141 48,green,6.7,Quarter Pounder,Retired,Male,1,1,0
Petronilla,Herries,69,pherriesiz@imdb.com,Ukraine,,green,1.4,Quarter Pounder,Part-time,Female,0,1,0
Claudius,Pughe,61,cpughej0@istockphoto.com,China,,blue,2.3,Big Mac,Student,Male,1,1,0
Elisabet,Romi,24,eromij1@latimes.com,China,,green,0.4,Big Mac,Part-time,Female,0,0,1
Lisabeth,Lark,79,llarkj2@rediff.com,Indonesia,,green,1.5,McNuggets,Retired,Female,0,1,0
Leda,Dillingston,39,ldillingstonj3@irs.gov,Russia,391710,red,4.6,McNuggets,Part-time,Female,0,1,0
Chrissy,Randle,25,crandlej4@quantcast.com,Kazakhstan,,green,4.6,Big Mac,Student,Female,0,0,1
Beatriz,Wooton,51,bwootonj5@zdnet.com,Japan,979-1504,red,6.7,Big Mac,Full-time,Female,0,1,0
Chantalle,Lightwing,50,clightwingj6@kickstarter.com,Croatia,40000,green,1.0,Quarter Pounder,Full-time,Female,0,1,0
Kaine,Voller,69,kvollerj7@xing.com,China,,blue,7.0,McNuggets,Student,Male,1,1,0
Kennett,Livingstone,23,klivingstonej8@reuters.com,Czech Republic,788 20,blue,4.2,McNuggets,Full-time,Male,1,0,1
Jeane,Girardi,26,jgirardij9@hostgator.com,Nigeria,,blue,6.6,McNuggets,Student,Female,0,0,1
Arny,Joint,76,ajointja@google.com.br,Poland,86-055,green,4.6,Quarter Pounder,Full-time,Male,1,1,0
Jilly,Ruddlesden,38,jruddlesdenjb@sohu.com,Russia,665375,green,1.8,Big Mac,Full-time,Female,0,1,0
Erv,Antonietti,70,eantoniettijc@1688.com,Russia,368418,green,3.8,McNuggets,Retired,Male,1,1,0
Godfree,Flores,28,gfloresjd@lycos.com,Brazil,62930-000,green,0.1,McNuggets,Student,Male,1,0,1
Kippar,Owtram,59,kowtramje@imdb.com,China,,red,4.7,Quarter Pounder,Retired,Male,1,1,0
Cesya,Chugg,81,cchuggjf@yahoo.com,Bosnia and Herzegovina,,red,1.3,Quarter Pounder,Retired,Female,0,1,0
Brianne,Tzarkov,31,btzarkovjg@google.com.au,Brazil,18200-000,green,4.3,McNuggets,Student,Female,0,1,0
Rick,Boddice,18,rboddicejh@webmd.com,Indonesia,,blue,5.2,Quarter Pounder,Retired,Male,1,0,1
Dodie,Petkov,54,dpetkovji@comsenz.com,Philippines,6525,green,6.7,Quarter Pounder,Retired,Female,0,1,0
Janith,Froment,31,jfromentjj@reference.com,France,75737 CEDEX 15,blue,0.9,McNuggets,Full-time,Female,0,1,0
Myranda,Thunnercliff,48,mthunnercliffjk@360.cn,Laos,,green,1.2,Big Mac,Full-time,Female,0,1,0
Leonanie,Chiverstone,79,lchiverstonejl@xrea.com,China,,blue,1.0,McNuggets,Retired,Female,0,1,0
Ethelbert,Bunston,78,ebunstonjm@loc.gov,China,,red,0.2,Quarter Pounder,Part-time,Male,1,1,0
Isaak,Caldayrou,35,icaldayroujn@apache.org,Indonesia,,green,1.9,McNuggets,Full-time,Male,1,1,0
Kahaleel,Chiene,20,kchienejo@bloglovin.com,Argentina,2421,green,3.9,Big Mac,Part-time,Male,1,0,1
Wolfy,MacTimpany,82,wmactimpanyjp@mayoclinic.com,Indonesia,,blue,0.4,McNuggets,Retired,Male,1,1,0
Torr,Jarrett,23,tjarrettjq@economist.com,China,,green,4.3,McNuggets,Student,Male,1,0,1
Hilly,D'Ambrosio,39,hdambrosiojr@surveymonkey.com,China,,red,3.1,Big Mac,Part-time,Male,1,1,0
Anthia,Feltham,50,afelthamjs@spotify.com,United States,36205,blue,1.8,Big Mac,Student,Female,0,1,0
Allina,Macer,46,amacerjt@cdbaby.com,Madagascar,,red,3.0,McNuggets,Student,Female,0,1,0
Farleigh,Heaviside,49,fheavisideju@google.com,Portugal,4650-071,green,6.2,Quarter Pounder,Retired,Male,1,1,0
Allister,Waddup,66,awaddupjv@rediff.com,Portugal,2125-106,red,6.4,Big Mac,Part-time,Male,1,1,0
Orion,Ram,40,oramjw@nyu.edu,Norway,0506,green,2.4,McNuggets,Part-time,Male,1,1,0
Kiel,Nund,30,knundjx@scientificamerican.com,Poland,43-254,green,4.7,Big Mac,Retired,Male,1,1,1
Rodi,Acres,67,racresjy@discovery.com,Portugal,4950-416,green,0.6,Big Mac,Student,Female,0,1,0
Bernadette,Tutchings,34,btutchingsjz@msn.com,China,,blue,6.8,McNuggets,Full-time,Female,0,1,0
Horatio,Sheldon,58,hsheldonk0@icio.us,Czech Republic,788 05,red,6.7,Quarter Pounder,Retired,Male,1,1,0
Antons,Luigi,70,aluigik1@nytimes.com,Peru,,red,3.6,Big Mac,Part-time,Male,1,1,0
Cheryl,Heam,85,cheamk2@marketwatch.com,Sweden,700 09,blue,4.3,Big Mac,Student,Female,0,1,0
Meier,Rodwell,49,mrodwellk3@plala.or.jp,Finland,14240,green,1.7,Big Mac,Part-time,Male,1,1,0
Thea,Bauser,80,tbauserk4@si.edu,Malaysia,93520,blue,4.8,Quarter Pounder,Full-time,Female,0,1,0
Jo ann,Drane,60,jdranek5@g.co,France,92404 CEDEX,green,3.6,Big Mac,Full-time,Female,0,1,0
Melba,Cowwell,30,mcowwellk6@ameblo.jp,United States,75799,green,1.1,Quarter Pounder,Part-time,Female,0,1,1
Ronnica,Degoy,31,rdegoyk7@phpbb.com,Czech Republic,542 01,red,5.1,Big Mac,Student,Female,0,1,0
Farlie,Dorney,83,fdorneyk8@cbslocal.com,Bolivia,,red,4.9,Quarter Pounder,Retired,Male,1,1,0
Catrina,Stood,76,cstoodk9@1und1.de,China,,green,6.0,Big Mac,Part-time,Female,0,1,0
Dominic,Puvia,31,dpuviaka@vk.com,Russia,142717,blue,6.5,Quarter Pounder,Student,Male,1,1,0
Frieda,Jozsa,22,fjozsakb@opera.com,Canada,V8J,red,6.5,Big Mac,Full-time,Female,0,0,1
Geno,Baines,45,gbaineskc@techcrunch.com,Cuba,,green,5.0,McNuggets,Student,Male,1,1,0
Krystle,Tugwell,69,ktugwellkd@twitter.com,Indonesia,,blue,6.1,Quarter Pounder,Retired,Female,0,1,0
Malory,Beecroft,20,mbeecroftke@gnu.org,Indonesia,,green,1.0,Quarter Pounder,Retired,Female,0,0,1
Lexie,Vynoll,51,lvynollkf@flickr.com,Namibia,,blue,4.6,McNuggets,Student,Female,0,1,0
Adlai,Whyman,53,awhymankg@digg.com,Kosovo,,green,0.3,Big Mac,Full-time,Male,1,1,0
Enrique,Gambie,81,egambiekh@vkontakte.ru,Zambia,,green,0.6,Quarter Pounder,Full-time,Male,1,1,0
Aland,Boldt,75,aboldtki@ox.ac.uk,Malaysia,50490,red,2.1,Big Mac,Retired,Male,1,1,0
Sarette,Wilkinson,21,swilkinsonkj@twitter.com,Egypt,,green,0.5,Quarter Pounder,Retired,Female,0,0,1
Tomkin,Forgie,36,tforgiekk@about.com,Albania,,green,3.0,Big Mac,Retired,Male,1,1,0
Dov,Kneale,19,dknealekl@vistaprint.com,Russia,363621,green,2.3,McNuggets,Full-time,Male,1,0,1
Georgeta,Blackhall,43,gblackhallkm@wiley.com,Belize,,red,0.5,Big Mac,Retired,Female,0,1,0
Kahlil,Hollingsby,45,khollingsbykn@nymag.com,Spain,02070,green,4.5,Quarter Pounder,Retired,Male,1,1,0
Stafani,Jiricka,85,sjirickako@china.com.cn,Costa Rica,21001,green,5.1,Big Mac,Full-time,Female,0,1,0
Robinia,Shory,28,rshorykp@amazonaws.com,China,,green,5.0,Big Mac,Retired,Female,0,0,1
Lorie,Kurten,40,lkurtenkq@people.com.cn,Philippines,1105,green,0.1,Quarter Pounder,Part-time,Female,0,1,0
Karlens,Pascho,50,kpaschokr@bigcartel.com,Russia,652878,red,6.4,Big Mac,Part-time,Male,1,1,0
Rafaelita,Defond,22,rdefondks@mayoclinic.com,Sweden,934 91,red,4.4,Big Mac,Student,Female,0,0,1
Amandie,Winslet,44,awinsletkt@histats.com,Slovenia,5210,blue,4.0,Quarter Pounder,Full-time,Female,0,1,0
Corty,Nineham,50,cninehamku@oakley.com,Russia,655672,green,2.2,McNuggets,Full-time,Male,1,1,0
Phineas,Lickess,81,plickesskv@sciencedirect.com,Germany,40489,green,3.4,Big Mac,Retired,Male,1,1,0
Robina,Strattan,55,rstrattankw@slate.com,Philippines,9417,green,0.3,Big Mac,Student,Female,0,1,0
My,Frean,82,mfreankx@opensource.org,Portugal,3640-213,blue,3.5,McNuggets,Full-time,Male,1,1,0
Jacky,Welling,43,jwellingky@globo.com,China,,blue,0.0,Quarter Pounder,Retired,Female,0,1,0
Judith,Jenny,78,jjennykz@blinklist.com,Czech Republic,742 73,green,2.9,Quarter Pounder,Student,Female,0,1,0
Teddie,Cesco,45,tcescol0@w3.org,Indonesia,,red,6.6,Quarter Pounder,Student,Female,0,1,0
Candy,Alfonsetto,21,calfonsettol1@bbb.org,China,,red,2.3,Big Mac,Part-time,Female,0,0,1
Bond,Ghidini,33,bghidinil2@omniture.com,Greece,,green,2.5,Quarter Pounder,Retired,Male,1,1,0
Consalve,Dumbrill,53,cdumbrilll3@house.gov,Bulgaria,2477,blue,4.2,Big Mac,Full-time,Male,1,1,0
Sherrie,Seven,36,ssevenl4@spotify.com,China,,red,5.0,Quarter Pounder,Student,Female,0,1,0
Belva,Kelwick,26,bkelwickl5@psu.edu,China,,red,4.3,Big Mac,Student,Female,0,0,1
Cornall,De Blasio,48,cdeblasiol6@bbc.co.uk,Peru,,green,0.8,McNuggets,Retired,Male,1,1,0
Mattheus,Billanie,50,mbillaniel7@sun.com,South Korea,,green,3.6,Quarter Pounder,Student,Male,1,1,0
Obie,Phinnessy,64,ophinnessyl8@washington.edu,Poland,01-517,red,3.0,McNuggets,Retired,Male,1,1,0
Sutherlan,Rippen,44,srippenl9@sohu.com,France,62010 CEDEX,red,5.6,McNuggets,Student,Male,1,1,0
Leeland,Hanford,19,lhanfordla@nasa.gov,Poland,98-430,green,1.2,Big Mac,Student,Male,1,0,1
Adey,Triner,62,atrinerlb@hao123.com,Philippines,3814,green,1.9,Quarter Pounder,Retired,Female,0,1,0
Maryann,Gredden,59,mgreddenlc@xinhuanet.com,Brazil,65350-000,blue,6.4,McNuggets,Student,Female,0,1,0
Darius,Extal,84,dextalld@va.gov,Indonesia,,green,2.5,Big Mac,Full-time,Male,1,1,0
Berne,Caberas,49,bcaberasle@tiny.cc,Russia,301070,green,5.2,Big Mac,Retired,Male,1,1,0
Beau,McAteer,75,bmcateerlf@fema.gov,Madagascar,,red,6.5,Big Mac,Retired,Male,1,1,0
Wait,Slafford,69,wslaffordlg@wikia.com,Japan,789-0250,green,5.4,McNuggets,Student,Male,1,1,0
Blondie,Karet,68,bkaretlh@alibaba.com,Poland,89-620,blue,3.9,McNuggets,Full-time,Female,0,1,0
Cassaundra,Goodbur,65,cgoodburli@yahoo.co.jp,Philippines,2621,blue,6.5,Big Mac,Student,Female,0,1,0
Una,Grigoire,28,ugrigoirelj@tripod.com,Peru,,red,1.3,Quarter Pounder,Full-time,Female,0,0,1
Errol,Maps,74,emapslk@accuweather.com,China,,red,3.9,Big Mac,Retired,Male,1,1,0
Laird,Van Daalen,22,lvandaalenll@cyberchimps.com,Argentina,4514,red,3.1,Quarter Pounder,Full-time,Male,1,0,1
Devy,Lisciandri,81,dlisciandrilm@unc.edu,Colombia,764008,blue,2.4,Quarter Pounder,Retired,Male,1,1,0
Daron,Maudlin,85,dmaudlinln@buzzfeed.com,United States,32868,blue,4.2,Big Mac,Part-time,Male,1,1,0
Jamima,Stuchburie,47,jstuchburielo@youku.com,Thailand,66140,blue,3.7,Quarter Pounder,Retired,Female,0,1,0
Ulrick,Kleinhausen,57,ukleinhausenlp@gmpg.org,Portugal,3045-356,green,2.4,Quarter Pounder,Full-time,Male,1,1,0
Bobette,Simmonds,36,bsimmondslq@dailymotion.com,Estonia,,blue,4.1,Quarter Pounder,Full-time,Female,0,1,0
Saleem,Worts,47,swortslr@chronoengine.com,Kazakhstan,,green,0.6,Big Mac,Student,Male,1,1,0
Cammie,Pavlik,83,cpavlikls@webnode.com,Brazil,57300-000,blue,6.3,Quarter Pounder,Full-time,Female,0,1,0
Somerset,Mertsching,29,smertschinglt@instagram.com,Argentina,6387,blue,4.2,McNuggets,Student,Male,1,0,1
Herve,Pomfret,64,hpomfretlu@wsj.com,Dominican Republic,11005,red,2.2,Quarter Pounder,Part-time,Male,1,1,0
Libbie,Kilfeather,23,lkilfeatherlv@prlog.org,Philippines,3605,blue,0.0,Big Mac,Student,Female,0,0,1
Curr,Wroth,36,cwrothlw@reuters.com,China,,blue,1.0,McNuggets,Student,Male,1,1,0
Cal,Chansonnau,35,cchansonnaulx@indiegogo.com,Indonesia,,green,1.9,Big Mac,Full-time,Male,1,1,0
Wenda,Clementel,23,wclementelly@networkadvertising.org,Thailand,43180,green,1.5,Quarter Pounder,Student,Female,0,0,1
Bride,Eccleshall,40,beccleshalllz@technorati.com,Poland,34-383,green,2.0,Big Mac,Full-time,Female,0,1,0
Shelia,Menghi,52,smenghim0@ucoz.com,China,,green,5.1,Quarter Pounder,Retired,Female,0,1,0
Sisile,Cliff,56,scliffm1@foxnews.com,Indonesia,,blue,3.5,Quarter Pounder,Part-time,Female,0,1,0
Natalya,Rove,63,nrovem2@diigo.com,China,,red,2.8,McNuggets,Part-time,Female,0,1,0
Anna,Peaseman,59,apeasemanm3@ning.com,Sweden,151 44,green,3.0,McNuggets,Full-time,Female,0,1,0
Markos,Flucks,71,mflucksm4@drupal.org,Indonesia,,red,2.9,McNuggets,Part-time,Male,1,1,0
Bobinette,Binnes,40,bbinnesm5@mapy.cz,Sweden,126 41,blue,7.0,Big Mac,Retired,Female,0,1,0
Wolf,Olivia,20,woliviam6@goo.gl,Poland,05-094,red,5.7,McNuggets,Retired,Male,1,0,1
Daloris,Maberley,61,dmaberleym7@umn.edu,China,,blue,2.9,Big Mac,Student,Female,0,1,0
Hilliary,Badder,63,hbadderm8@icio.us,China,,blue,2.8,McNuggets,Full-time,Female,0,1,0
Carolus,Massimi,53,cmassimim9@prlog.org,Indonesia,,blue,4.0,Big Mac,Student,Male,1,1,0
Gregg,Frier,73,gfrierma@wix.com,Panama,,red,0.4,McNuggets,Retired,Male,1,1,0
Bette-ann,Glasscott,76,bglasscottmb@tinypic.com,Brazil,39330-000,green,4.1,McNuggets,Student,Female,0,1,0
Bonnie,McDougle,20,bmcdouglemc@ox.ac.uk,Greece,,green,7.0,Big Mac,Full-time,Female,0,0,1
Galen,Wraighte,75,gwraightemd@multiply.com,Macedonia,2400,blue,5.2,McNuggets,Student,Male,1,1,0
Peyter,Fosbraey,45,pfosbraeyme@printfriendly.com,Chile,,red,3.5,Quarter Pounder,Student,Male,1,1,0
Mandie,Owen,19,mowenmf@springer.com,Madagascar,,green,4.1,Big Mac,Part-time,Female,0,0,1
Blakeley,Colliard,18,bcolliardmg@walmart.com,China,,blue,4.6,Quarter Pounder,Retired,Female,0,0,1
Ephraim,Androli,77,eandrolimh@cbsnews.com,China,,green,4.9,Quarter Pounder,Retired,Male,1,1,0
Fredi,Worwood,65,fworwoodmi@cmu.edu,Argentina,2200,green,4.4,McNuggets,Retired,Female,0,1,0
Nerita,Winstone,32,nwinstonemj@gov.uk,China,,green,4.0,Quarter Pounder,Retired,Female,0,1,0
Tate,Hawtry,51,thawtrymk@domainmarket.com,Greece,,red,2.3,Big Mac,Retired,Male,1,1,0
Marlon,Aguirrezabala,74,maguirrezabalaml@blogs.com,France,01154 CEDEX,blue,1.5,Quarter Pounder,Retired,Male,1,1,0
Aurthur,Alekhov,23,aalekhovmm@newyorker.com,Greece,,blue,3.8,Quarter Pounder,Full-time,Male,1,0,1
Miriam,Fleckness,56,mflecknessmn@java.com,Indonesia,,red,4.0,Quarter Pounder,Full-time,Female,0,1,0
Freddi,Filipovic,42,ffilipovicmo@slashdot.org,Sweden,651 01,green,4.2,Quarter Pounder,Student,Female,0,1,0
Mufi,Trewin,68,mtrewinmp@sitemeter.com,Egypt,,green,4.3,Big Mac,Part-time,Female,0,1,0
Ddene,Jopling,63,djoplingmq@theguardian.com,Philippines,2417,blue,4.9,Big Mac,Part-time,Female,0,1,0
Nelli,Henrion,44,nhenrionmr@msn.com,Indonesia,,red,6.0,Quarter Pounder,Student,Female,0,1,0
Any,Goozee,28,agoozeems@yandex.ru,Indonesia,,blue,4.3,Quarter Pounder,Full-time,Male,1,0,1
Augustine,Opie,51,aopiemt@utexas.edu,Luxembourg,L-8453,blue,5.3,McNuggets,Part-time,Female,0,1,0
Marabel,Matitiaho,39,mmatitiahomu@mail.ru,Russia,403003,red,6.3,Big Mac,Full-time,Female,0,1,0
Joane,Onians,24,joniansmv@soup.io,Russia,659702,blue,2.1,McNuggets,Part-time,Female,0,0,1
Stevena,Pattison,75,spattisonmw@admin.ch,China,,red,2.1,Quarter Pounder,Part-time,Female,0,1,0
Fabian,Johnsson,40,fjohnssonmx@google.it,Sweden,267 35,red,1.6,Quarter Pounder,Retired,Male,1,1,0
Mata,Fassmann,42,mfassmannmy@sbwire.com,East Timor,,blue,1.6,Quarter Pounder,Student,Male,1,1,0
Stinky,Tring,75,stringmz@adobe.com,Czech Republic,742 65,red,6.8,Quarter Pounder,Full-time,Male,1,1,0
Germain,MacNess,69,gmacnessn0@fda.gov,China,,blue,4.0,Quarter Pounder,Student,Male,1,1,0
Joelie,Romain,61,jromainn1@blogtalkradio.com,Mali,,red,1.9,Quarter Pounder,Full-time,Female,0,1,0
Jacqueline,Bremner,81,jbremnern2@salon.com,Indonesia,,blue,1.8,Quarter Pounder,Full-time,Female,0,1,0
Dianna,Garrad,67,dgarradn3@merriam-webster.com,China,,blue,5.3,McNuggets,Student,Female,0,1,0
Der,Laxson,49,dlaxsonn4@etsy.com,China,,green,2.6,McNuggets,Student,Male,1,1,0
Nikolas,Olivetta,19,nolivettan5@booking.com,Central African Republic,,green,2.1,McNuggets,Retired,Male,1,0,1
Ami,Lilliman,76,alillimann6@google.it,China,,green,0.5,Big Mac,Retired,Female,0,1,0
Chrisse,MacAree,57,cmacareen7@about.me,Indonesia,,green,4.6,McNuggets,Part-time,Male,1,1,0
Raphael,Girodias,62,rgirodiasn8@java.com,Japan,981-4121,red,3.5,Big Mac,Part-time,Male,1,1,0
Eudora,Rodgers,41,erodgersn9@nydailynews.com,Poland,78-314,red,5.3,Quarter Pounder,Part-time,Female,0,1,0
Leeann,Muldowney,82,lmuldowneyna@example.com,Netherlands,2604,green,1.1,McNuggets,Part-time,Female,0,1,0
Arel,Gooden,82,agoodennb@omniture.com,France,33070 CEDEX,green,3.0,Quarter Pounder,Student,Male,1,1,0
Ardys,Gimblett,53,agimblettnc@tinypic.com,China,,red,5.4,Quarter Pounder,Student,Female,0,1,0
Alyce,Flowerdew,18,aflowerdewnd@umich.edu,Philippines,5040,red,1.5,Quarter Pounder,Full-time,Female,0,0,1
Lani,Comerford,35,lcomerfordne@intel.com,Russia,171275,red,1.6,Quarter Pounder,Retired,Female,0,1,0
Ansell,Loomes,81,aloomesnf@rakuten.co.jp,China,,blue,1.7,Big Mac,Student,Male,1,1,0
Jojo,Switzer,41,jswitzerng@angelfire.com,China,,red,3.8,McNuggets,Student,Female,0,1,0
Fairlie,Shoemark,37,fshoemarknh@cnet.com,Sudan,,green,2.6,Big Mac,Full-time,Male,1,1,0
Simonne,Deathridge,73,sdeathridgeni@webeden.co.uk,China,,green,3.7,Big Mac,Student,Female,0,1,0
Arin,Bembrick,80,abembricknj@sphinn.com,Indonesia,,red,3.7,McNuggets,Retired,Male,1,1,0
Stefa,Gribbell,37,sgribbellnk@printfriendly.com,Canada,J6W,blue,4.7,Big Mac,Part-time,Female,0,1,0
Martino,Lewis,63,mlewisnl@thetimes.co.uk,France,21604 CEDEX,blue,1.4,McNuggets,Student,Male,1,1,0
Jaye,O'Lennachain,30,jolennachainnm@chron.com,Indonesia,,blue,5.2,Quarter Pounder,Student,Male,1,1,1
Leighton,McVeighty,70,lmcveightynn@uiuc.edu,Germany,22179,green,6.2,McNuggets,Retired,Male,1,1,0
Othilie,Ealles,67,oeallesno@state.gov,France,17209 CEDEX,blue,5.1,Big Mac,Student,Female,0,1,0
Aeriel,Barenskie,25,abarenskienp@japanpost.jp,China,,blue,5.1,Quarter Pounder,Student,Female,0,0,1
Erastus,Summerside,49,esummersidenq@alexa.com,Honduras,,blue,4.6,McNuggets,Full-time,Male,1,1,0
Alfy,Barfoot,62,abarfootnr@forbes.com,Philippines,3501,red,2.7,McNuggets,Part-time,Male,1,1,0
Libby,Venning,62,lvenningns@epa.gov,China,,blue,4.5,Big Mac,Part-time,Female,0,1,0
Sarah,Pettersen,18,spettersennt@soup.io,Indonesia,,green,5.8,Quarter Pounder,Student,Female,0,0,1
Faith,Trimble,66,ftrimblenu@cnn.com,Indonesia,,red,5.8,Quarter Pounder,Student,Female,0,1,0
Ermentrude,Van Arsdall,48,evanarsdallnv@google.com.br,Colombia,231008,red,3.2,Quarter Pounder,Part-time,Female,0,1,0
Johnathon,Bathowe,41,jbathowenw@blogtalkradio.com,Cameroon,,red,1.5,Quarter Pounder,Part-time,Male,1,1,0
Uriel,Walkden,66,uwalkdennx@va.gov,Tunisia,,red,3.2,Big Mac,Retired,Male,1,1,0
Cal,Mulqueen,27,cmulqueenny@godaddy.com,Ecuador,,blue,2.9,Big Mac,Part-time,Male,1,0,1
Shelden,Davidovich,43,sdavidovichnz@noaa.gov,Afghanistan,,blue,2.2,Quarter Pounder,Retired,Male,1,1,0
Mable,Hubbis,67,mhubbiso0@whitehouse.gov,Indonesia,,green,0.7,Quarter Pounder,Student,Female,0,1,0
Angela,McKague,20,amckagueo1@japanpost.jp,China,,blue,6.9,Big Mac,Part-time,Female,0,0,1
Meier,Kernocke,42,mkernockeo2@flickr.com,Indonesia,,green,2.7,Quarter Pounder,Student,Male,1,1,0
Elwin,St. Hill,41,esthillo3@slashdot.org,Egypt,,green,0.4,Quarter Pounder,Part-time,Male,1,1,0
Merry,Glanders,35,mglanderso4@pen.io,Belarus,,green,3.5,Big Mac,Full-time,Female,0,1,0
Krissy,Abbatucci,22,kabbatuccio5@pcworld.com,Thailand,64180,blue,5.2,McNuggets,Part-time,Female,0,0,1
Fitz,Perrett,68,fperretto6@google.com.au,France,79104 CEDEX,blue,5.8,Quarter Pounder,Full-time,Male,1,1,0
Edmon,Hanhart,77,ehanharto7@princeton.edu,Colombia,230029,red,6.0,Quarter Pounder,Retired,Male,1,1,0
Gabie,McFadzean,64,gmcfadzeano8@redcross.org,Indonesia,,blue,3.8,Quarter Pounder,Student,Female,0,1,0
Bernadene,Guymer,28,bguymero9@cnbc.com,Czech Republic,468 22,blue,2.0,Big Mac,Retired,Female,0,0,1
Tessi,Fryer,39,tfryeroa@hibu.com,China,,green,1.1,Quarter Pounder,Retired,Female,0,1,0
Pincus,Norgate,83,pnorgateob@unc.edu,Poland,34-116,green,3.9,Big Mac,Student,Male,1,1,0
Dillie,Zammett,84,dzammettoc@yellowbook.com,Chile,,blue,4.1,Big Mac,Part-time,Male,1,1,0
Trula,Antic,85,tanticod@dot.gov,Honduras,,green,5.6,Big Mac,Full-time,Female,0,1,0
Montgomery,Kleanthous,81,mkleanthousoe@phpbb.com,Panama,,green,4.2,Big Mac,Student,Male,1,1,0
Katha,Olivetti,23,kolivettiof@wikia.com,Malaysia,80902,green,0.0,Quarter Pounder,Part-time,Female,0,0,1
Sephira,Meere,74,smeereog@technorati.com,Portugal,4835-541,red,2.8,Quarter Pounder,Student,Female,0,1,0
Meriel,Secombe,77,msecombeoh@epa.gov,Nigeria,,blue,6.8,Big Mac,Retired,Female,0,1,0
Radcliffe,Kilpatrick,53,rkilpatrickoi@oracle.com,Indonesia,,red,0.3,Quarter Pounder,Part-time,Male,1,1,0
Julie,Amaya,79,jamayaoj@multiply.com,China,,green,7.0,Big Mac,Part-time,Female,0,1,0
Vachel,Brennenstuhl,34,vbrennenstuhlok@netvibes.com,Burkina Faso,,blue,6.1,Quarter Pounder,Retired,Male,1,1,0
Haven,Falcus,43,hfalcusol@cornell.edu,Argentina,5941,red,4.2,Quarter Pounder,Part-time,Male,1,1,0
Lishe,Weedon,73,lweedonom@stumbleupon.com,Czech Republic,763 02,red,4.7,Quarter Pounder,Student,Female,0,1,0
Norri,Skitral,44,nskitralon@bbb.org,Indonesia,,green,0.6,McNuggets,Full-time,Female,0,1,0
Leeanne,Jerke,67,ljerkeoo@ucla.edu,Indonesia,,green,3.6,McNuggets,Retired,Female,0,1,0
Nessi,Pinkett,25,npinkettop@mtv.com,China,,blue,6.4,Big Mac,Student,Female,0,0,1
Rory,Early,81,rearlyoq@51.la,Israel,,red,5.6,Big Mac,Retired,Male,1,1,0
Loreen,Capner,36,lcapneror@vinaora.com,Zimbabwe,,red,6.5,Big Mac,Full-time,Female,0,1,0
Ricard,Rollinshaw,74,rrollinshawos@typepad.com,China,,blue,3.0,Big Mac,Full-time,Male,1,1,0
Faydra,Oliver-Paull,31,foliverpaullot@myspace.com,China,,red,1.6,Quarter Pounder,Retired,Female,0,1,0
Britta,Pickervance,70,bpickervanceou@hud.gov,France,34940 CEDEX 9,red,5.7,Quarter Pounder,Student,Female,0,1,0
Buck,Wife,52,bwifeov@biblegateway.com,France,69624 CEDEX,green,0.5,McNuggets,Full-time,Male,1,1,0
Anni,Howling,77,ahowlingow@taobao.com,Albania,,green,0.6,McNuggets,Part-time,Female,0,1,0
Karil,Laydel,59,klaydelox@redcross.org,China,,red,1.9,Quarter Pounder,Student,Female,0,1,0
Mable,Clague,20,mclagueoy@123-reg.co.uk,Philippines,6817,red,6.7,Quarter Pounder,Part-time,Female,0,0,1
Dorine,Lundy,79,dlundyoz@blogspot.com,China,,blue,6.6,McNuggets,Full-time,Female,0,1,0
Ronnie,Meiklejohn,75,rmeiklejohnp0@smugmug.com,Greece,,green,0.7,McNuggets,Retired,Male,1,1,0
Alexei,Gallaway,33,agallawayp1@livejournal.com,Mexico,45147,green,0.3,McNuggets,Full-time,Male,1,1,0
Shawn,Feldhammer,61,sfeldhammerp2@examiner.com,Yemen,,green,0.7,Quarter Pounder,Full-time,Male,1,1,0
Florri,Eckels,38,feckelsp3@google.co.jp,Russia,461949,blue,3.8,Big Mac,Student,Female,0,1,0
Ailis,Ogan,37,aoganp4@unblog.fr,Indonesia,,red,2.1,McNuggets,Full-time,Female,0,1,0
Daron,Salle,42,dsallep5@dion.ne.jp,New Caledonia,98839,red,3.4,McNuggets,Retired,Female,0,1,0
Tanney,Drinnan,45,tdrinnanp6@photobucket.com,Portugal,2120-185,green,1.7,Quarter Pounder,Part-time,Male,1,1,0
Babbie,Cory,23,bcoryp7@facebook.com,Latvia,,green,6.1,McNuggets,Retired,Female,0,0,1
Deidre,Rupert,67,drupertp8@hud.gov,Kazakhstan,,red,1.0,Quarter Pounder,Full-time,Female,0,1,0
Enid,Abbay,39,eabbayp9@accuweather.com,China,,blue,2.9,Big Mac,Part-time,Female,0,1,0
Dru,Roj,34,drojpa@flavors.me,Philippines,9800,green,4.7,Big Mac,Part-time,Male,1,1,0
Rickie,Capitano,82,rcapitanopb@hud.gov,Nigeria,,red,3.0,Big Mac,Student,Female,0,1,0
Leigh,Grimbaldeston,84,lgrimbaldestonpc@trellian.com,Russia,453550,blue,1.7,McNuggets,Retired,Male,1,1,0
Felicle,de Chastelain,75,fdechastelainpd@cisco.com,Spain,37005,green,2.4,McNuggets,Student,Female,0,1,0
Lorilyn,Farnsworth,76,lfarnsworthpe@admin.ch,Philippines,4311,blue,4.0,Quarter Pounder,Full-time,Female,0,1,0
Mab,Ellaway,40,mellawaypf@slashdot.org,China,,red,2.5,Big Mac,Part-time,Female,0,1,0
Yule,Buckberry,55,ybuckberrypg@chicagotribune.com,Vietnam,,red,3.4,Big Mac,Part-time,Male,1,1,0
Lea,Epsly,54,lepslyph@twitter.com,Sweden,792 27,green,2.9,McNuggets,Part-time,Female,0,1,0
Danell,Poleye,58,dpoleyepi@wufoo.com,Tanzania,,red,1.0,Big Mac,Retired,Female,0,1,0
Guglielmo,MacRinn,36,gmacrinnpj@nyu.edu,Cameroon,,green,6.5,Big Mac,Retired,Male,1,1,0
Kelwin,Argente,44,kargentepk@house.gov,Philippines,3711,green,6.5,Big Mac,Student,Male,1,1,0
Flinn,Gerardi,21,fgerardipl@rediff.com,China,,blue,2.6,Quarter Pounder,Student,Male,1,0,1
Chaunce,Pettisall,26,cpettisallpm@cdc.gov,Indonesia,,blue,2.0,McNuggets,Part-time,Male,1,0,1
Oren,Winwright,51,owinwrightpn@blogger.com,Croatia,44320,green,1.7,Quarter Pounder,Part-time,Male,1,1,0
Ade,Dumbelton,60,adumbeltonpo@tinypic.com,Micronesia,,blue,3.3,Quarter Pounder,Student,Male,1,1,0
Alexina,Curnok,63,acurnokpp@smugmug.com,Czech Republic,391 33,red,5.8,Quarter Pounder,Full-time,Female,0,1,0
Jerrold,Bretherton,51,jbrethertonpq@free.fr,Philippines,5307,red,4.2,Big Mac,Part-time,Male,1,1,0
Bertie,Creedland,72,bcreedlandpr@myspace.com,Afghanistan,,blue,5.7,Quarter Pounder,Full-time,Female,0,1,0
Tulley,Seatter,76,tseatterps@unc.edu,Cyprus,,blue,4.1,McNuggets,Part-time,Male,1,1,0
Nancee,Sheward,65,nshewardpt@addtoany.com,Thailand,30430,blue,1.0,Quarter Pounder,Full-time,Female,0,1,0
Emmalynne,Wilsey,73,ewilseypu@usda.gov,Libya,,red,0.8,McNuggets,Retired,Female,0,1,0
Fons,Bownd,20,fbowndpv@hud.gov,Brazil,77895-000,green,0.0,Big Mac,Part-time,Male,1,0,1
Sharity,Keuntje,72,skeuntjepw@icio.us,Iran,,red,5.9,Big Mac,Full-time,Female,0,1,0
Phylys,Ancell,66,pancellpx@is.gd,Philippines,8427,green,5.0,Quarter Pounder,Part-time,Female,0,1,0
Holly,Maysor,18,hmaysorpy@gnu.org,Vietnam,,red,5.5,McNuggets,Retired,Female,0,0,1
Suzie,Drohun,42,sdrohunpz@1und1.de,Lithuania,59001,blue,4.3,Quarter Pounder,Student,Female,0,1,0
Ash,Bratton,38,abrattonq0@go.com,Vietnam,,green,1.9,McNuggets,Student,Male,1,1,0
Inglebert,Biswell,30,ibiswellq1@usa.gov,Bulgaria,9960,red,0.4,Big Mac,Retired,Male,1,1,1
Evelyn,Tanzer,80,etanzerq2@digg.com,Czech Republic,271 01,blue,3.8,Big Mac,Retired,Male,1,1,0
Lauren,Halsho,23,lhalshoq3@wordpress.org,China,,green,6.8,Big Mac,Student,Male,1,0,1
Ephraim,Tipping,80,etippingq4@pinterest.com,Ghana,,red,3.4,Quarter Pounder,Student,Male,1,1,0
Genevieve,Zanioletti,30,gzaniolettiq5@reverbnation.com,China,,green,5.7,Big Mac,Retired,Female,0,1,1
Sheela,Fetherby,19,sfetherbyq6@gizmodo.com,Paraguay,,green,6.2,McNuggets,Retired,Female,0,0,1
Yehudit,Gothliff,64,ygothliffq7@addthis.com,Russia,175323,blue,4.1,Big Mac,Part-time,Male,1,1,0
Tonya,Brimmacombe,38,tbrimmacombeq8@reference.com,Peru,,green,1.6,McNuggets,Retired,Female,0,1,0
Ransell,Eannetta,30,reannettaq9@nbcnews.com,China,,red,4.8,McNuggets,Student,Male,1,1,1
Christean,Ruske,67,cruskeqa@comsenz.com,Myanmar,,green,2.8,McNuggets,Retired,Female,0,1,0
Calhoun,Matejovsky,73,cmatejovskyqb@reverbnation.com,Sweden,168 74,green,4.7,Big Mac,Part-time,Male,1,1,0
Milzie,Mence,82,mmenceqc@multiply.com,Poland,27-415,green,3.7,Big Mac,Student,Female,0,1,0
Tonnie,Royle,44,troyleqd@sphinn.com,Indonesia,,red,4.6,Quarter Pounder,Part-time,Male,1,1,0
Dorolisa,Collingdon,22,dcollingdonqe@simplemachines.org,Portugal,7430-315,green,6.8,Big Mac,Student,Female,0,0,1
Frankie,Kinnen,42,fkinnenqf@zimbio.com,Norway,1252,blue,1.3,Quarter Pounder,Full-time,Female,0,1,0
Lia,Barbier,55,lbarbierqg@infoseek.co.jp,Philippines,8421,blue,6.7,Quarter Pounder,Retired,Female,0,1,0
Gael,Bartosik,20,gbartosikqh@sun.com,Japan,950-3341,green,0.8,Big Mac,Retired,Male,1,0,1
Barby,Cunningham,41,bcunninghamqi@unicef.org,Mongolia,,green,2.3,McNuggets,Student,Female,0,1,0
Hadrian,Wetherell,36,hwetherellqj@qq.com,Burkina Faso,,green,4.2,Big Mac,Part-time,Male,1,1,0
Roselia,Hackett,27,rhackettqk@fastcompany.com,Czech Republic,783 56,red,5.6,Quarter Pounder,Part-time,Female,0,0,1
Jerrold,Skellington,31,jskellingtonql@cloudflare.com,China,,red,0.3,Big Mac,Full-time,Male,1,1,0
Appolonia,Thornewill,74,athornewillqm@acquirethisname.com,Philippines,6538,red,6.8,Big Mac,Student,Female,0,1,0
Mufinella,Boyne,57,mboyneqn@163.com,China,,blue,1.5,Quarter Pounder,Part-time,Female,0,1,0
Chickie,Featherstone,54,cfeatherstoneqo@lulu.com,Canada,G5J,red,5.7,Big Mac,Retired,Female,0,1,0
Claudine,Gauson,44,cgausonqp@chicagotribune.com,Philippines,8112,red,3.0,McNuggets,Student,Female,0,1,0
Jordain,Extill,66,jextillqq@theguardian.com,Slovenia,2341,blue,4.4,Quarter Pounder,Retired,Female,0,1,0
Cyndi,Cartwright,85,ccartwrightqr@apache.org,Portugal,4580-634,red,5.6,McNuggets,Retired,Female,0,1,0
Boniface,Wilcocks,56,bwilcocksqs@ustream.tv,Vietnam,,blue,5.5,McNuggets,Retired,Male,1,1,0
Benyamin,Jurick,74,bjurickqt@loc.gov,Poland,02-983,blue,0.1,Big Mac,Part-time,Male,1,1,0
Arnuad,Ghost,62,aghostqu@ucoz.ru,Canada,J0J,green,3.4,Quarter Pounder,Full-time,Male,1,1,0
Clarette,Teaze,54,cteazeqv@tinypic.com,China,,blue,3.6,Big Mac,Part-time,Female,0,1,0
Howard,Lambin,36,hlambinqw@springer.com,China,,red,0.4,Big Mac,Full-time,Male,1,1,0
Guilbert,Athowe,81,gathoweqx@ebay.co.uk,China,,blue,6.4,Quarter Pounder,Part-time,Male,1,1,0
Adiana,Blanche,40,ablancheqy@ow.ly,Czech Republic,671 53,green,6.3,McNuggets,Full-time,Female,0,1,0
Madison,Garrick,19,mgarrickqz@tuttocitta.it,Netherlands,5204,blue,5.0,Quarter Pounder,Full-time,Male,1,0,1
Rowland,Thackeray,82,rthackerayr0@cloudflare.com,Peru,,blue,4.1,Quarter Pounder,Full-time,Male,1,1,0
Gawain,Surmeyer,37,gsurmeyerr1@scientificamerican.com,Venezuela,,green,1.0,Big Mac,Part-time,Male,1,1,0
Cobby,Buchanan,80,cbuchananr2@marriott.com,China,,green,6.8,Big Mac,Full-time,Male,1,1,0
Aubrey,Pohl,83,apohlr3@rediff.com,Poland,73-121,blue,5.9,Quarter Pounder,Part-time,Female,0,1,0
Nananne,Roscamp,20,nroscampr4@unc.edu,Philippines,6326,red,4.5,McNuggets,Part-time,Female,0,0,1
Mycah,Blaszczyk,76,mblaszczykr5@quantcast.com,Venezuela,,blue,4.6,Quarter Pounder,Retired,Male,1,1,0
Frans,Pigdon,63,fpigdonr6@naver.com,Egypt,,red,0.7,Big Mac,Part-time,Male,1,1,0
Francyne,Murch,69,fmurchr7@cdbaby.com,Tunisia,,green,5.9,Quarter Pounder,Retired,Female,0,1,0
Ole,Comford,63,ocomfordr8@woothemes.com,Brazil,11250-000,blue,1.3,McNuggets,Retired,Male,1,1,0
Tine,Blackett,46,tblackettr9@salon.com,China,,blue,3.3,McNuggets,Retired,Female,0,1,0
Felicio,Russell,54,frussellra@businesswire.com,Indonesia,,green,2.4,Quarter Pounder,Part-time,Male,1,1,0
Ermengarde,Scadding,77,escaddingrb@lulu.com,China,,blue,6.4,Quarter Pounder,Full-time,Female,0,1,0
Claudell,Storek,47,cstorekrc@nydailynews.com,Nigeria,,green,1.4,Quarter Pounder,Student,Male,1,1,0
Carlye,Benbrick,58,cbenbrickrd@google.pl,Indonesia,,blue,3.4,Quarter Pounder,Part-time,Female,0,1,0
Solomon,Radmore,73,sradmorere@tumblr.com,China,,green,3.3,McNuggets,Retired,Male,1,1,0
Kelsi,Bault,41,kbaultrf@privacy.gov.au,Russia,357838,red,3.5,McNuggets,Retired,Female,0,1,0
Haven,Dawtre,43,hdawtrerg@dedecms.com,Turkey,55530,red,2.2,Quarter Pounder,Part-time,Male,1,1,0
Bran,Swalwel,69,bswalwelrh@bigcartel.com,Indonesia,,red,5.4,Big Mac,Part-time,Male,1,1,0
Winfred,Westfalen,73,wwestfalenri@admin.ch,Portugal,4765-497,red,1.9,Quarter Pounder,Part-time,Male,1,1,0
Mercie,Dreher,42,mdreherrj@dedecms.com,Cameroon,,blue,3.8,Big Mac,Retired,Female,0,1,0
Ingaborg,Whife,73,iwhiferk@fema.gov,Peru,,green,1.4,Big Mac,Part-time,Female,0,1,0
Charmane,Kennifeck,65,ckennifeckrl@disqus.com,China,,green,3.1,Big Mac,Part-time,Female,0,1,0
Jorie,Yurivtsev,48,jyurivtsevrm@google.com.au,Portugal,2965-207,green,6.5,Big Mac,Retired,Female,0,1,0
Donovan,Jancic,57,djancicrn@tuttocitta.it,Sweden,974 23,green,4.6,Big Mac,Part-time,Male,1,1,0
Evanne,Weblin,23,eweblinro@google.co.jp,Japan,811-1122,red,1.4,McNuggets,Part-time,Female,0,0,1
Milton,Gaynes,35,mgaynesrp@hp.com,Greece,,red,4.1,Big Mac,Retired,Male,1,1,0
Freeman,Forsdyke,23,fforsdykerq@printfriendly.com,Syria,,green,1.5,Big Mac,Full-time,Male,1,0,1
Rhodia,Mistry,71,rmistryrr@sbwire.com,Poland,42-256,red,5.4,Big Mac,Retired,Female,0,1,0
